Workbook
Name Slicer_Sector: #N/A

Sheet Dashboard
A1: Insight 1.Showing the highest broader category in three sector in the last month is food exp

Sheet Cpi data 
A1: Sector | B1: Year | C1: Month | D1: short month and year | E1: date | F1: Pre/Post Covid | G1: Cereals and products | H1: Meat and fish | I1: Egg | J1: Milk and products | K1: Oils and fats | L1: Fruits | M1: Vegetables | N1: Pulses and products | O1: Sugar and Confectionery | P1: Spices | Q1: Non-alcoholic beverages | R1: Prepared meals, snacks, sweets etc. | S1: Food and beverages | T1: Pan, tobacco and intoxicants | U1: Clothing | V1: Footwear | W1: Clothing and footwear | X1: Housing | Y1: Fuel and light | Z1: Household goods and services | AA1: Health | AB1: Transport and communication | AC1: Recreation and amusement | AD1: Education | AE1: Personal care and effects | AF1: Miscellaneous | AG1: General index | AH1: Total Expences | AI1: sum of others | AJ1: sum of clothing | AK1: Sum Housing Exepences | AL1: Sum of food expences | AM1: Average Other Expences | AN1: Average Housing Expences | AO1: Average Food Expences
A2: Rural | B2: 2013 | C2: January | D2: =TEXT(DATE(B2, MONTH(1&C2), 1), "mmm-yy") -> Jan-13 | E2: 41275 | F2: Pre covid | G2: 107.5 | H2: 106.3 | I2: 108.1 | J2: 104.9 | K2: 106.1 | L2: 103.9 | M2: 101.9 | N2: 106.1 | O2: 106.8 | P2: 103.1 | Q2: 104.8 | R2: 106.7 | S2: 105.5 | T2: 105.1 | U2: 106.5 | V2: 105.8 | W2: 106.4 | X2: ='Handle missing value sheet only'!$C$1 -> 139.27097 | Y2: 105.5 | Z2: 104.8 | AA2: 104 | AB2: 103.3 | AC2: 103.4 | AD2: 103.8 | AE2: 104.7 | AF2: 104 | AG2: 105.1 | AH2: =SUM(X2:AF2,G2:V2) -> 2661.871 | AI2: =SUM(AF2,AE2,AD2,AC2) -> 415.9 | AJ2: =SUM(V2,U2) -> 212.3 | AK2: =SUM(Z2,X2) -> 244.07097 | AL2: =SUM(G2:T2) -> 1476.8 | AM2: =AVERAGE(AF2,AE2,AD2,AC2) -> 103.975 | AN2: =AVERAGE(X2,Z2) -> 122.03548 | AO2: 105.48571
A3: Urban | B3: 2013 | C3: January | D3: =TEXT(DATE(B3, MONTH(1&C3), 1), "mmm-yy") -> Jan-13 | E3: 41275 | F3: Pre covid | G3: 110.5 | H3: 109.1 | I3: 113 | J3: 103.6 | K3: 103.4 | L3: 102.3 | M3: 102.9 | N3: 105.8 | O3: 105.1 | P3: 101.8 | Q3: 105.1 | R3: 107.9 | S3: 105.9 | T3: 105.2 | U3: 105.9 | V3: 105 | W3: 105.8 | X3: 100.3 | Y3: 105.4 | Z3: 104.8 | AA3: 104.1 | AB3: 103.2 | AC3: 102.9 | AD3: 103.5 | AE3: 104.3 | AF3: 103.7 | AG3: 104 | AH3: =SUM(X3:AF3,G3:V3) -> 2624.7 | AI3: =SUM(AF3,AE3,AD3,AC3) -> 414.4 | AJ3: =SUM(V3,U3) -> 210.9 | AK3: =SUM(Z3,X3) -> 205.1 | AL3: =SUM(G3:T3) -> 1481.6 | AM3: =AVERAGE(AF3,AE3,AD3,AC3) -> 103.6 | AN3: =AVERAGE(X3,Z3) -> 102.55 | AO3: 105.82857
A4: Rural+Urban | B4: 2013 | C4: January | D4: =TEXT(DATE(B4, MONTH(1&C4), 1), "mmm-yy") -> Jan-13 | E4: 41275 | F4: Pre covid | G4: 108.4 | H4: 107.3 | I4: 110 | J4: 104.4 | K4: 105.1 | L4: 103.2 | M4: 102.2 | N4: 106 | O4: 106.2 | P4: 102.7 | Q4: 104.9 | R4: 107.3 | S4: 105.6 | T4: 105.1 | U4: 106.3 | V4: 105.5 | W4: 106.2 | X4: 100.3 | Y4: 105.5 | Z4: 104.8 | AA4: 104 | AB4: 103.2 | AC4: 103.1 | AD4: 103.6 | AE4: 104.5 | AF4: 103.9 | AG4: 104.6 | AH4: =SUM(X4:AF4,G4:V4) -> 2623.1 | AI4: =SUM(AF4,AE4,AD4,AC4) -> 415.1 | AJ4: =SUM(V4,U4) -> 211.8 | AK4: =SUM(Z4,X4) -> 205.1 | AL4: =SUM(G4:T4) -> 1478.4 | AM4: =AVERAGE(AF4,AE4,AD4,AC4) -> 103.775 | AN4: =AVERAGE(X4,Z4) -> 102.55 | AO4: 105.6
A5: Rural | B5: 2013 | C5: February | D5: =TEXT(DATE(B5, MONTH(1&C5), 1), "mmm-yy") -> Feb-13 | E5: 41306 | F5: Pre covid | G5: 109.2 | H5: 108.7 | I5: 110.2 | J5: 105.4 | K5: 106.7 | L5: 104 | M5: 102.4 | N5: 105.9 | O5: 105.7 | P5: 103.1 | Q5: 105.1 | R5: 107.7 | S5: 106.3 | T5: 105.6 | U5: 107.1 | V5: 106.3 | W5: 107 | X5: ='Handle missing value sheet only'!$C$1 -> 139.27097 | Y5: 106.2 | Z5: 105.2 | AA5: 104.4 | AB5: 103.9 | AC5: 104 | AD5: 104.1 | AE5: 104.6 | AF5: 104.4 | AG5: 105.8 | AH5: =SUM(X5:AF5,G5:V5) -> 2675.471 | AI5: =SUM(AF5,AE5,AD5,AC5) -> 417.1 | AJ5: =SUM(V5,U5) -> 213.4 | AK5: =SUM(Z5,X5) -> 244.47097 | AL5: =SUM(G5:T5) -> 1486 | AM5: =AVERAGE(AF5,AE5,AD5,AC5) -> 104.275 | AN5: =AVERAGE(X5,Z5) -> 122.23548 | AO5: 106.14286
A6: Urban | B6: 2013 | C6: February | D6: =TEXT(DATE(B6, MONTH(1&C6), 1), "mmm-yy") -> Feb-13 | E6: 41306 | F6: Pre covid | G6: 112.9 | H6: 112.9 | I6: 116.9 | J6: 104 | K6: 103.5 | L6: 103.1 | M6: 104.9 | N6: 104.1 | O6: 103.8 | P6: 102.3 | Q6: 106 | R6: 109 | S6: 107.2 | T6: 106 | U6: 106.6 | V6: 105.5 | W6: 106.4 | X6: 100.4 | Y6: 105.7 | Z6: 105.2 | AA6: 104.7 | AB6: 104.4 | AC6: 103.3 | AD6: 103.7 | AE6: 104.3 | AF6: 104.3 | AG6: 104.7 | AH6: =SUM(X6:AF6,G6:V6) -> 2644.7 | AI6: =SUM(AF6,AE6,AD6,AC6) -> 415.6 | AJ6: =SUM(V6,U6) -> 212.1 | AK6: =SUM(Z6,X6) -> 205.6 | AL6: =SUM(G6:T6) -> 1496.6 | AM6: =AVERAGE(AF6,AE6,AD6,AC6) -> 103.9 | AN6: =AVERAGE(X6,Z6) -> 102.8 | AO6: 106.9
A7: Rural+Urban | B7: 2013 | C7: February | D7: =TEXT(DATE(B7, MONTH(1&C7), 1), "mmm-yy") -> Feb-13 | E7: 41306 | F7: Pre covid | G7: 110.4 | H7: 110.2 | I7: 112.8 | J7: 104.9 | K7: 105.5 | L7: 103.6 | M7: 103.2 | N7: 105.3 | O7: 105.1 | P7: 102.8 | Q7: 105.5 | R7: 108.3 | S7: 106.6 | T7: 105.7 | U7: 106.9 | V7: 106 | W7: 106.8 | X7: 100.4 | Y7: 106 | Z7: 105.2 | AA7: 104.5 | AB7: 104.2 | AC7: 103.6 | AD7: 103.9 | AE7: 104.5 | AF7: 104.4 | AG7: 105.3 | AH7: =SUM(X7:AF7,G7:V7) -> 2639.5 | AI7: =SUM(AF7,AE7,AD7,AC7) -> 416.4 | AJ7: =SUM(V7,U7) -> 212.9 | AK7: =SUM(Z7,X7) -> 205.6 | AL7: =SUM(G7:T7) -> 1489.9 | AM7: =AVERAGE(AF7,AE7,AD7,AC7) -> 104.1 | AN7: =AVERAGE(X7,Z7) -> 102.8 | AO7: 106.42143
A8: Rural | B8: 2013 | C8: March | D8: =TEXT(DATE(B8, MONTH(1&C8), 1), "mmm-yy") -> Mar-13 | E8: 41334 | F8: Pre covid | G8: 110.2 | H8: 108.8 | I8: 109.9 | J8: 105.6 | K8: 106.2 | L8: 105.7 | M8: 101.4 | N8: 105.7 | O8: 105 | P8: 103.3 | Q8: 105.6 | R8: 108.2 | S8: 106.6 | T8: 106.5 | U8: 107.6 | V8: 106.8 | W8: 107.5 | X8: ='Handle missing value sheet only'!$C$1 -> 139.27097 | Y8: 106.1 | Z8: 105.6 | AA8: 104.7 | AB8: 104.6 | AC8: 104 | AD8: 104.3 | AE8: 104.3 | AF8: 104.6 | AG8: 106 | AH8: =SUM(X8:AF8,G8:V8) -> 2680.571 | AI8: =SUM(AF8,AE8,AD8,AC8) -> 417.2 | AJ8: =SUM(V8,U8) -> 214.4 | AK8: =SUM(Z8,X8) -> 244.87097 | AL8: =SUM(G8:T8) -> 1488.7 | AM8: =AVERAGE(AF8,AE8,AD8,AC8) -> 104.3 | AN8: =AVERAGE(X8,Z8) -> 122.43548 | AO8: 106.33571
A9: Urban | B9: 2013 | C9: March | D9: =TEXT(DATE(B9, MONTH(1&C9), 1), "mmm-yy") -> Mar-13 | E9: 41334 | F9: Pre covid | G9: 113.9 | H9: 111.4 | I9: 113.2 | J9: 104.3 | K9: 102.7 | L9: 104.9 | M9: 103.8 | N9: 103.5 | O9: 102.6 | P9: 102.4 | Q9: 107 | R9: 109.8 | S9: 107.3 | T9: 106.8 | U9: 107.2 | V9: 106 | W9: 107 | X9: 100.4 | Y9: 106 | Z9: 105.7 | AA9: 105.2 | AB9: 105.5 | AC9: 103.5 | AD9: 103.8 | AE9: 104.2 | AF9: 104.9 | AG9: 105 | AH9: =SUM(X9:AF9,G9:V9) -> 2646 | AI9: =SUM(AF9,AE9,AD9,AC9) -> 416.4 | AJ9: =SUM(V9,U9) -> 213.2 | AK9: =SUM(Z9,X9) -> 206.1 | AL9: =SUM(G9:T9) -> 1493.6 | AM9: =AVERAGE(AF9,AE9,AD9,AC9) -> 104.1 | AN9: =AVERAGE(X9,Z9) -> 103.05 | AO9: 106.68571
A10: Rural+Urban | B10: 2013 | C10: March | D10: =TEXT(DATE(B10, MONTH(1&C10), 1), "mmm-yy") -> Mar-13 | E10: 41334 | F10: Pre covid | G10: 111.4 | H10: 109.7 | I10: 111.2 | J10: 105.1 | K10: 104.9 | L10: 105.3 | M10: 102.2 | N10: 105 | O10: 104.2 | P10: 103 | Q10: 106.2 | R10: 108.9 | S10: 106.9 | T10: 106.6 | U10: 107.4 | V10: 106.5 | W10: 107.3 | X10: 100.4 | Y10: 106.1 | Z10: 105.6 | AA10: 104.9 | AB10: 105.1 | AC10: 103.7 | AD10: 104 | AE10: 104.3 | AF10: 104.7 | AG10: 105.5 | AH10: =SUM(X10:AF10,G10:V10) -> 2643.3 | AI10: =SUM(AF10,AE10,AD10,AC10) -> 416.7 | AJ10: =SUM(V10,U10) -> 213.9 | AK10: =SUM(Z10,X10) -> 206 | AL10: =SUM(G10:T10) -> 1490.6 | AM10: =AVERAGE(AF10,AE10,AD10,AC10) -> 104.175 | AN10: =AVERAGE(X10,Z10) -> 103 | AO10: 106.47143
A11: Rural | B11: 2013 | C11: April | D11: =TEXT(DATE(B11, MONTH(1&C11), 1), "mmm-yy") -> Apr-13 | E11: 41365 | F11: Pre covid | G11: 110.2 | H11: 109.5 | I11: 106.9 | J11: 106.3 | K11: 105.7 | L11: 108.3 | M11: 103.4 | N11: 105.7 | O11: 104.2 | P11: 103.2 | Q11: 106.5 | R11: 108.8 | S11: 107.1 | T11: 107.1 | U11: 108.1 | V11: 107.4 | W11: 108 | X11: ='Handle missing value sheet only'!$C$1 -> 139.27097 | Y11: 106.5 | Z11: 106.1 | AA11: 105.1 | AB11: 104.4 | AC11: 104.5 | AD11: 104.8 | AE11: 102.7 | AF11: 104.6 | AG11: 106.4 | AH11: =SUM(X11:AF11,G11:V11) -> 2686.371 | AI11: =SUM(AF11,AE11,AD11,AC11) -> 416.6 | AJ11: =SUM(V11,U11) -> 215.5 | AK11: =SUM(Z11,X11) -> 245.37097 | AL11: =SUM(G11:T11) -> 1492.9 | AM11: =AVERAGE(AF11,AE11,AD11,AC11) -> 104.15 | AN11: =AVERAGE(X11,Z11) -> 122.68548 | AO11: 106.63571
A12: Urban | B12: 2013 | C12: April | D12: =TEXT(DATE(B12, MONTH(1&C12), 1), "mmm-yy") -> Apr-13 | E12: 41365 | F12: Pre covid | G12: 114.6 | H12: 113.4 | I12: 106 | J12: 104.7 | K12: 102.1 | L12: 109.5 | M12: 109.7 | N12: 104.6 | O12: 102 | P12: 103.5 | Q12: 108.2 | R12: 110.6 | S12: 108.8 | T12: 108.5 | U12: 107.9 | V12: 106.4 | W12: 107.7 | X12: 100.5 | Y12: 106.4 | Z12: 106.5 | AA12: 105.7 | AB12: 105 | AC12: 104 | AD12: 105.2 | AE12: 103.2 | AF12: 105.1 | AG12: 105.7 | AH12: =SUM(X12:AF12,G12:V12) -> 2662.1 | AI12: =SUM(AF12,AE12,AD12,AC12) -> 417.5 | AJ12: =SUM(V12,U12) -> 214.3 | AK12: =SUM(Z12,X12) -> 207 | AL12: =SUM(G12:T12) -> 1506.2 | AM12: =AVERAGE(AF12,AE12,AD12,AC12) -> 104.375 | AN12: =AVERAGE(X12,Z12) -> 103.5 | AO12: 107.58571
A13: Rural+Urban | B13: 2013 | C13: April | D13: =TEXT(DATE(B13, MONTH(1&C13), 1), "mmm-yy") -> Apr-13 | E13: 41365 | F13: Pre covid | G13: 111.6 | H13: 110.9 | I13: 106.6 | J13: 105.7 | K13: 104.4 | L13: 108.9 | M13: 105.5 | N13: 105.3 | O13: 103.5 | P13: 103.3 | Q13: 107.2 | R13: 109.6 | S13: 107.7 | T13: 107.5 | U13: 108 | V13: 107 | W13: 107.9 | X13: 100.5 | Y13: 106.5 | Z13: 106.3 | AA13: 105.3 | AB13: 104.7 | AC13: 104.2 | AD13: 105 | AE13: 102.9 | AF13: 104.8 | AG13: 106.1 | AH13: =SUM(X13:AF13,G13:V13) -> 2652.9 | AI13: =SUM(AF13,AE13,AD13,AC13) -> 416.9 | AJ13: =SUM(V13,U13) -> 215 | AK13: =SUM(Z13,X13) -> 206.8 | AL13: =SUM(G13:T13) -> 1497.7 | AM13: =AVERAGE(AF13,AE13,AD13,AC13) -> 104.225 | AN13: =AVERAGE(X13,Z13) -> 103.4 | AO13: 106.97857
A14: Rural | B14: 2013 | C14: May | D14: =TEXT(DATE(B14, MONTH(1&C14), 1), "mmm-yy") -> May-13 | E14: 41395 | F14: Pre covid | G14: 110.9 | H14: 109.8 | I14: 105.9 | J14: 107.5 | K14: 105.3 | L14: 108.1 | M14: 107.3 | N14: 106.1 | O14: 103.7 | P14: 104 | Q14: 107.4 | R14: 109.9 | S14: 108.1 | T14: 108.1 | U14: 108.8 | V14: 107.9 | W14: 108.6 | X14: ='Handle missing value sheet only'!$C$1 -> 139.27097 | Y14: 107.5 | Z14: 106.8 | AA14: 105.7 | AB14: 104.1 | AC14: 105 | AD14: 105.5 | AE14: 102.1 | AF14: 104.8 | AG14: 107.2 | AH14: =SUM(X14:AF14,G14:V14) -> 2699.571 | AI14: =SUM(AF14,AE14,AD14,AC14) -> 417.4 | AJ14: =SUM(V14,U14) -> 216.7 | AK14: =SUM(Z14,X14) -> 246.07097 | AL14: =SUM(G14:T14) -> 1502.1 | AM14: =AVERAGE(AF14,AE14,AD14,AC14) -> 104.35 | AN14: =AVERAGE(X14,Z14) -> 123.03548 | AO14: 107.29286
A15: Urban | B15: 2013 | C15: May | D15: =TEXT(DATE(B15, MONTH(1&C15), 1), "mmm-yy") -> May-13 | E15: 41395 | F15: Pre covid | G15: 115.4 | H15: 114.2 | I15: 102.7 | J15: 105.5 | K15: 101.5 | L15: 110.6 | M15: 123.7 | N15: 105.2 | O15: 101.9 | P15: 105 | Q15: 109.1 | R15: 111.3 | S15: 111.1 | T15: 109.8 | U15: 108.5 | V15: 106.7 | W15: 108.3 | X15: 100.5 | Y15: 107.2 | Z15: 107.1 | AA15: 106.2 | AB15: 103.9 | AC15: 104.6 | AD15: 105.7 | AE15: 102.6 | AF15: 104.9 | AG15: 106.6 | AH15: =SUM(X15:AF15,G15:V15) -> 2684.9 | AI15: =SUM(AF15,AE15,AD15,AC15) -> 417.8 | AJ15: =SUM(V15,U15) -> 215.2 | AK15: =SUM(Z15,X15) -> 207.6 | AL15: =SUM(G15:T15) -> 1527 | AM15: =AVERAGE(AF15,AE15,AD15,AC15) -> 104.45 | AN15: =AVERAGE(X15,Z15) -> 103.8 | AO15: 109.07143
A16: Rural+Urban | B16: 2013 | C16: May | D16: =TEXT(DATE(B16, MONTH(1&C16), 1), "mmm-yy") -> May-13 | E16: 41395 | F16: Pre covid | G16: 112.3 | H16: 111.3 | I16: 104.7 | J16: 106.8 | K16: 103.9 | L16: 109.3 | M16: 112.9 | N16: 105.8 | O16: 103.1 | P16: 104.3 | Q16: 108.1 | R16: 110.5 | S16: 109.2 | T16: 108.6 | U16: 108.7 | V16: 107.4 | W16: 108.5 | X16: 100.5 | Y16: 107.4 | Z16: 106.9 | AA16: 105.9 | AB16: 104 | AC16: 104.8 | AD16: 105.6 | AE16: 102.3 | AF16: 104.8 | AG16: 106.9 | AH16: =SUM(X16:AF16,G16:V16) -> 2669.1 | AI16: =SUM(AF16,AE16,AD16,AC16) -> 417.5 | AJ16: =SUM(V16,U16) -> 216.1 | AK16: =SUM(Z16,X16) -> 207.4 | AL16: =SUM(G16:T16) -> 1510.8 | AM16: =AVERAGE(AF16,AE16,AD16,AC16) -> 104.375 | AN16: =AVERAGE(X16,Z16) -> 103.7 | AO16: 107.91429
A17: Rural | B17: 2013 | C17: June | D17: =TEXT(DATE(B17, MONTH(1&C17), 1), "mmm-yy") -> Jun-13 | E17: 41426 | F17: Pre covid | G17: 112.3 | H17: 112.1 | I17: 108.1 | J17: 108.3 | K17: 105.9 | L17: 109.2 | M17: 118 | N17: 106.8 | O17: 104.1 | P17: 105.4 | Q17: 108.2 | R17: 111 | S17: 110.6 | T17: 109 | U17: 109.7 | V17: 108.8 | W17: 109.5 | X17: ='Handle missing value sheet only'!$C$1 -> 139.27097 | Y17: 108.5 | Z17: 107.5 | AA17: 106.3 | AB17: 105 | AC17: 105.6 | AD17: 106.5 | AE17: 102.5 | AF17: 105.5 | AG17: 108.9 | AH17: =SUM(X17:AF17,G17:V17) -> 2734.171 | AI17: =SUM(AF17,AE17,AD17,AC17) -> 420.1 | AJ17: =SUM(V17,U17) -> 218.5 | AK17: =SUM(Z17,X17) -> 246.77097 | AL17: =SUM(G17:T17) -> 1529 | AM17: =AVERAGE(AF17,AE17,AD17,AC17) -> 105.025 | AN17: =AVERAGE(X17,Z17) -> 123.38548 | AO17: 109.21429
A18: Urban | B18: 2013 | C18: June | D18: =TEXT(DATE(B18, MONTH(1&C18), 1), "mmm-yy") -> Jun-13 | E18: 41426 | F18: Pre covid | G18: 117 | H18: 120.1 | I18: 112.5 | J18: 107.3 | K18: 101.3 | L18: 112.4 | M18: 143.6 | N18: 105.4 | O18: 101.4 | P18: 106.4 | Q18: 110 | R18: 112.2 | S18: 115 | T18: 110.9 | U18: 109.2 | V18: 107.2 | W18: 108.9 | X18: 106.6 | Y18: 108 | Z18: 107.7 | AA18: 106.5 | AB18: 105.2 | AC18: 105.2 | AD18: 108.1 | AE18: 103.3 | AF18: 106.1 | AG18: 109.7 | AH18: =SUM(X18:AF18,G18:V18) -> 2748.6 | AI18: =SUM(AF18,AE18,AD18,AC18) -> 422.7 | AJ18: =SUM(V18,U18) -> 216.4 | AK18: =SUM(Z18,X18) -> 214.3 | AL18: =SUM(G18:T18) -> 1575.5 | AM18: =AVERAGE(AF18,AE18,AD18,AC18) -> 105.675 | AN18: =AVERAGE(X18,Z18) -> 107.15 | AO18: 112.53571
A19: Rural+Urban | B19: 2013 | C19: June | D19: =TEXT(DATE(B19, MONTH(1&C19), 1), "mmm-yy") -> Jun-13 | E19: 41426 | F19: Pre covid | G19: 113.8 | H19: 114.9 | I19: 109.8 | J19: 107.9 | K19: 104.2 | L19: 110.7 | M19: 126.7 | N19: 106.3 | O19: 103.2 | P19: 105.7 | Q19: 109 | R19: 111.6 | S19: 112.2 | T19: 109.5 | U19: 109.5 | V19: 108.1 | W19: 109.3 | X19: 106.6 | Y19: 108.3 | Z19: 107.6 | AA19: 106.4 | AB19: 105.1 | AC19: 105.4 | AD19: 107.4 | AE19: 102.8 | AF19: 105.8 | AG19: 109.3 | AH19: =SUM(X19:AF19,G19:V19) -> 2718.5 | AI19: =SUM(AF19,AE19,AD19,AC19) -> 421.4 | AJ19: =SUM(V19,U19) -> 217.6 | AK19: =SUM(Z19,X19) -> 214.2 | AL19: =SUM(G19:T19) -> 1545.5 | AM19: =AVERAGE(AF19,AE19,AD19,AC19) -> 105.35 | AN19: =AVERAGE(X19,Z19) -> 107.1 | AO19: 110.39286
A20: Rural | B20: 2013 | C20: July | D20: =TEXT(DATE(B20, MONTH(1&C20), 1), "mmm-yy") -> Jul-13 | E20: 41456 | F20: Pre covid | G20: 113.4 | H20: 114.9 | I20: 110.5 | J20: 109.3 | K20: 106.2 | L20: 110.3 | M20: 129.2 | N20: 107.1 | O20: 104.3 | P20: 106.4 | Q20: 109.1 | R20: 112.1 | S20: 113.1 | T20: 109.8 | U20: 110.5 | V20: 109.5 | W20: 110.3 | X20: ='Handle missing value sheet only'!$C$1 -> 139.27097 | Y20: 109.5 | Z20: 108.3 | AA20: 106.9 | AB20: 106.8 | AC20: 106.4 | AD20: 107.8 | AE20: 102.5 | AF20: 106.5 | AG20: 110.7 | AH20: =SUM(X20:AF20,G20:V20) -> 2769.671 | AI20: =SUM(AF20,AE20,AD20,AC20) -> 423.2 | AJ20: =SUM(V20,U20) -> 220 | AK20: =SUM(Z20,X20) -> 247.57097 | AL20: =SUM(G20:T20) -> 1555.7 | AM20: =AVERAGE(AF20,AE20,AD20,AC20) -> 105.8 | AN20: =AVERAGE(X20,Z20) -> 123.78548 | AO20: 111.12143
A21: Urban | B21: 2013 | C21: July | D21: =TEXT(DATE(B21, MONTH(1&C21), 1), "mmm-yy") -> Jul-13 | E21: 41456 | F21: Pre covid | G21: 117.8 | H21: 119.2 | I21: 114 | J21: 108.3 | K21: 101.1 | L21: 113.2 | M21: 160.9 | N21: 105.1 | O21: 101.3 | P21: 107.5 | Q21: 110.4 | R21: 113.1 | S21: 117.5 | T21: 111.7 | U21: 109.8 | V21: 107.8 | W21: 109.5 | X21: 107.7 | Y21: 108.6 | Z21: 108.1 | AA21: 107.1 | AB21: 107.3 | AC21: 105.9 | AD21: 110.1 | AE21: 103.2 | AF21: 107.3 | AG21: 111.4 | AH21: =SUM(X21:AF21,G21:V21) -> 2784 | AI21: =SUM(AF21,AE21,AD21,AC21) -> 426.5 | AJ21: =SUM(V21,U21) -> 217.6 | AK21: =SUM(Z21,X21) -> 215.8 | AL21: =SUM(G21:T21) -> 1601.1 | AM21: =AVERAGE(AF21,AE21,AD21,AC21) -> 106.625 | AN21: =AVERAGE(X21,Z21) -> 107.9 | AO21: 114.36429
A22: Rural+Urban | B22: 2013 | C22: July | D22: =TEXT(DATE(B22, MONTH(1&C22), 1), "mmm-yy") -> Jul-13 | E22: 41456 | F22: Pre covid | G22: 114.8 | H22: 116.4 | I22: 111.9 | J22: 108.9 | K22: 104.3 | L22: 111.7 | M22: 140 | N22: 106.4 | O22: 103.3 | P22: 106.8 | Q22: 109.6 | R22: 112.6 | S22: 114.7 | T22: 110.3 | U22: 110.2 | V22: 108.8 | W22: 110 | X22: 107.7 | Y22: 109.2 | Z22: 108.2 | AA22: 107 | AB22: 107.1 | AC22: 106.1 | AD22: 109.1 | AE22: 102.8 | AF22: 106.9 | AG22: 111 | AH22: =SUM(X22:AF22,G22:V22) -> 2754.8 | AI22: =SUM(AF22,AE22,AD22,AC22) -> 424.9 | AJ22: =SUM(V22,U22) -> 219 | AK22: =SUM(Z22,X22) -> 215.9 | AL22: =SUM(G22:T22) -> 1571.7 | AM22: =AVERAGE(AF22,AE22,AD22,AC22) -> 106.225 | AN22: =AVERAGE(X22,Z22) -> 107.95 | AO22: 112.26429
A23: Rural | B23: 2013 | C23: August | D23: =TEXT(DATE(B23, MONTH(1&C23), 1), "mmm-yy") -> Aug-13 | E23: 41487 | F23: Pre covid | G23: 114.3 | H23: 115.4 | I23: 111.1 | J23: 110 | K23: 106.4 | L23: 110.8 | M23: 138.9 | N23: 107.4 | O23: 104.1 | P23: 106.9 | Q23: 109.7 | R23: 112.6 | S23: 114.9 | T23: 110.7 | U23: 111.3 | V23: 110.2 | W23: 111.1 | X23: ='Handle missing value sheet only'!$C$1 -> 139.27097 | Y23: 109.9 | Z23: 108.7 | AA23: 107.5 | AB23: 107.8 | AC23: 106.8 | AD23: 108.7 | AE23: 105 | AF23: 107.5 | AG23: 112.1 | AH23: =SUM(X23:AF23,G23:V23) -> 2795.871 | AI23: =SUM(AF23,AE23,AD23,AC23) -> 428 | AJ23: =SUM(V23,U23) -> 221.5 | AK23: =SUM(Z23,X23) -> 247.97097 | AL23: =SUM(G23:T23) -> 1573.2 | AM23: =AVERAGE(AF23,AE23,AD23,AC23) -> 107 | AN23: =AVERAGE(X23,Z23) -> 123.98548 | AO23: 112.37143
A24: Urban | B24: 2013 | C24: August | D24: =TEXT(DATE(B24, MONTH(1&C24), 1), "mmm-yy") -> Aug-13 | E24: 41487 | F24: Pre covid | G24: 118.3 | H24: 120.4 | I24: 112.7 | J24: 108.9 | K24: 101.1 | L24: 108.7 | M24: 177 | N24: 104.7 | O24: 101 | P24: 108.5 | Q24: 110.9 | R24: 114.3 | S24: 119.6 | T24: 112.4 | U24: 110.6 | V24: 108.3 | W24: 110.2 | X24: 108.9 | Y24: 109.3 | Z24: 108.7 | AA24: 107.6 | AB24: 108.1 | AC24: 106.5 | AD24: 110.8 | AE24: 106 | AF24: 108.3 | AG24: 112.7 | AH24: =SUM(X24:AF24,G24:V24) -> 2811.6 | AI24: =SUM(AF24,AE24,AD24,AC24) -> 431.6 | AJ24: =SUM(V24,U24) -> 218.9 | AK24: =SUM(Z24,X24) -> 217.6 | AL24: =SUM(G24:T24) -> 1618.5 | AM24: =AVERAGE(AF24,AE24,AD24,AC24) -> 107.9 | AN24: =AVERAGE(X24,Z24) -> 108.8 | AO24: 115.60714
A25: Rural+Urban | B25: 2013 | C25: August | D25: =TEXT(DATE(B25, MONTH(1&C25), 1), "mmm-yy") -> Aug-13 | E25: 41487 | F25: Pre covid | G25: 115.6 | H25: 117.2 | I25: 111.7 | J25: 109.6 | K25: 104.5 | L25: 109.8 | M25: 151.8 | N25: 106.5 | O25: 103.1 | P25: 107.4 | Q25: 110.2 | R25: 113.4 | S25: 116.6 | T25: 111.2 | U25: 111 | V25: 109.4 | W25: 110.7 | X25: 108.9 | Y25: 109.7 | Z25: 108.7 | AA25: 107.5 | AB25: 108 | AC25: 106.6 | AD25: 109.9 | AE25: 105.4 | AF25: 107.9 | AG25: 112.4 | AH25: =SUM(X25:AF25,G25:V25) -> 2781.6 | AI25: =SUM(AF25,AE25,AD25,AC25) -> 429.8 | AJ25: =SUM(V25,U25) -> 220.4 | AK25: =SUM(Z25,X25) -> 217.6 | AL25: =SUM(G25:T25) -> 1588.6 | AM25: =AVERAGE(AF25,AE25,AD25,AC25) -> 107.45 | AN25: =AVERAGE(X25,Z25) -> 108.8 | AO25: 113.47143
A26: Rural | B26: 2013 | C26: September | D26: =TEXT(DATE(B26, MONTH(1&C26), 1), "mmm-yy") -> Sep-13 | E26: 41518 | F26: Pre covid | G26: 115.4 | H26: 115.7 | I26: 111.7 | J26: 111 | K26: 107.4 | L26: 110.9 | M26: 154 | N26: 108.1 | O26: 104.2 | P26: 107.9 | Q26: 110.4 | R26: 114 | S26: 117.8 | T26: 111.7 | U26: 112.7 | V26: 111.4 | W26: 112.5 | X26: ='Handle missing value sheet only'!$C$1 -> 139.27097 | Y26: 111.1 | Z26: 109.6 | AA26: 108.3 | AB26: 109.3 | AC26: 107.7 | AD26: 109.8 | AE26: 106.7 | AF26: 108.7 | AG26: 114.2 | AH26: =SUM(X26:AF26,G26:V26) -> 2834.771 | AI26: =SUM(AF26,AE26,AD26,AC26) -> 432.9 | AJ26: =SUM(V26,U26) -> 224.1 | AK26: =SUM(Z26,X26) -> 248.87097 | AL26: =SUM(G26:T26) -> 1600.2 | AM26: =AVERAGE(AF26,AE26,AD26,AC26) -> 108.225 | AN26: =AVERAGE(X26,Z26) -> 124.43548 | AO26: 114.3
A27: Urban | B27: 2013 | C27: September | D27: =TEXT(DATE(B27, MONTH(1&C27), 1), "mmm-yy") -> Sep-13 | E27: 41518 | F27: Pre covid | G27: 118.6 | H27: 119.1 | I27: 113.2 | J27: 109.6 | K27: 101.7 | L27: 103.2 | M27: 174.3 | N27: 105.1 | O27: 100.8 | P27: 109.1 | Q27: 111.1 | R27: 115.4 | S27: 119.2 | T27: 112.9 | U27: 111.4 | V27: 109 | W27: 111.1 | X27: 109.7 | Y27: 109.5 | Z27: 109.6 | AA27: 107.9 | AB27: 110.4 | AC27: 107.4 | AD27: 111.2 | AE27: 106.9 | AF27: 109.4 | AG27: 113.2 | AH27: =SUM(X27:AF27,G27:V27) -> 2815.7 | AI27: =SUM(AF27,AE27,AD27,AC27) -> 434.9 | AJ27: =SUM(V27,U27) -> 220.4 | AK27: =SUM(Z27,X27) -> 219.3 | AL27: =SUM(G27:T27) -> 1613.3 | AM27: =AVERAGE(AF27,AE27,AD27,AC27) -> 108.725 | AN27: =AVERAGE(X27,Z27) -> 109.65 | AO27: 115.23571
A28: Rural+Urban | B28: 2013 | C28: September | D28: =TEXT(DATE(B28, MONTH(1&C28), 1), "mmm-yy") -> Sep-13 | E28: 41518 | F28: Pre covid | G28: 116.4 | H28: 116.9 | I28: 112.3 | J28: 110.5 | K28: 105.3 | L28: 107.3 | M28: 160.9 | N28: 107.1 | O28: 103.1 | P28: 108.3 | Q28: 110.7 | R28: 114.6 | S28: 118.3 | T28: 112 | U28: 112.2 | V28: 110.4 | W28: 111.9 | X28: 109.7 | Y28: 110.5 | Z28: 109.6 | AA28: 108.1 | AB28: 109.9 | AC28: 107.5 | AD28: 110.6 | AE28: 106.8 | AF28: 109 | AG28: 113.7 | AH28: =SUM(X28:AF28,G28:V28) -> 2808 | AI28: =SUM(AF28,AE28,AD28,AC28) -> 433.9 | AJ28: =SUM(V28,U28) -> 222.6 | AK28: =SUM(Z28,X28) -> 219.3 | AL28: =SUM(G28:T28) -> 1603.7 | AM28: =AVERAGE(AF28,AE28,AD28,AC28) -> 108.475 | AN28: =AVERAGE(X28,Z28) -> 109.65 | AO28: 114.55
A29: Rural | B29: 2013 | C29: October | D29: =TEXT(DATE(B29, MONTH(1&C29), 1), "mmm-yy") -> Oct-13 | E29: 41548 | F29: Pre covid | G29: 116.3 | H29: 115.4 | I29: 112.6 | J29: 111.7 | K29: 107.7 | L29: 113.2 | M29: 164.9 | N29: 108.3 | O29: 103.9 | P29: 108.2 | Q29: 111.1 | R29: 114.9 | S29: 119.8 | T29: 112.2 | U29: 113.6 | V29: 112.3 | W29: 113.4 | X29: ='Handle missing value sheet only'!$C$1 -> 139.27097 | Y29: 111.6 | Z29: 110.4 | AA29: 108.9 | AB29: 109.3 | AC29: 108.3 | AD29: 110.2 | AE29: 107.5 | AF29: 109.1 | AG29: 115.5 | AH29: =SUM(X29:AF29,G29:V29) -> 2860.671 | AI29: =SUM(AF29,AE29,AD29,AC29) -> 435.1 | AJ29: =SUM(V29,U29) -> 225.9 | AK29: =SUM(Z29,X29) -> 249.67097 | AL29: =SUM(G29:T29) -> 1620.2 | AM29: =AVERAGE(AF29,AE29,AD29,AC29) -> 108.775 | AN29: =AVERAGE(X29,Z29) -> 124.83548 | AO29: 115.72857
A30: Urban | B30: 2013 | C30: October | D30: =TEXT(DATE(B30, MONTH(1&C30), 1), "mmm-yy") -> Oct-13 | E30: 41548 | F30: Pre covid | G30: 118.9 | H30: 118.1 | I30: 114.5 | J30: 110.4 | K30: 102.3 | L30: 106.2 | M30: 183.5 | N30: 105.3 | O30: 100.2 | P30: 109.6 | Q30: 111.4 | R30: 116 | S30: 120.8 | T30: 113.5 | U30: 112.5 | V30: 109.7 | W30: 112 | X30: 110.5 | Y30: 109.7 | Z30: 110.2 | AA30: 108.2 | AB30: 109.7 | AC30: 108 | AD30: 111.3 | AE30: 107.3 | AF30: 109.4 | AG30: 114 | AH30: =SUM(X30:AF30,G30:V30) -> 2837.2 | AI30: =SUM(AF30,AE30,AD30,AC30) -> 436 | AJ30: =SUM(V30,U30) -> 222.2 | AK30: =SUM(Z30,X30) -> 220.7 | AL30: =SUM(G30:T30) -> 1630.7 | AM30: =AVERAGE(AF30,AE30,AD30,AC30) -> 109 | AN30: =AVERAGE(X30,Z30) -> 110.35 | AO30: 116.47857
A31: Rural+Urban | B31: 2013 | C31: October | D31: =TEXT(DATE(B31, MONTH(1&C31), 1), "mmm-yy") -> Oct-13 | E31: 41548 | F31: Pre covid | G31: 117.1 | H31: 116.3 | I31: 113.3 | J31: 111.2 | K31: 105.7 | L31: 109.9 | M31: 171.2 | N31: 107.3 | O31: 102.7 | P31: 108.7 | Q31: 111.2 | R31: 115.4 | S31: 120.2 | T31: 112.5 | U31: 113.2 | V31: 111.2 | W31: 112.8 | X31: 110.5 | Y31: 110.9 | Z31: 110.3 | AA31: 108.6 | AB31: 109.5 | AC31: 108.1 | AD31: 110.8 | AE31: 107.4 | AF31: 109.2 | AG31: 114.8 | AH31: =SUM(X31:AF31,G31:V31) -> 2832.4 | AI31: =SUM(AF31,AE31,AD31,AC31) -> 435.5 | AJ31: =SUM(V31,U31) -> 224.4 | AK31: =SUM(Z31,X31) -> 220.8 | AL31: =SUM(G31:T31) -> 1622.7 | AM31: =AVERAGE(AF31,AE31,AD31,AC31) -> 108.875 | AN31: =AVERAGE(X31,Z31) -> 110.4 | AO31: 115.90714
A32: Rural | B32: 2013 | C32: November | D32: =TEXT(DATE(B32, MONTH(1&C32), 1), "mmm-yy") -> Nov-13 | E32: 41579 | F32: Pre covid | G32: 117.3 | H32: 114.9 | I32: 116.2 | J32: 112.8 | K32: 108.9 | L32: 116.6 | M32: 178.1 | N32: 109.1 | O32: 103.6 | P32: 109 | Q32: 111.8 | R32: 116 | S32: 122.5 | T32: 112.8 | U32: 114.6 | V32: 113.1 | W32: 114.4 | X32: ='Handle missing value sheet only'!$C$1 -> 139.27097 | Y32: 112.6 | Z32: 111.3 | AA32: 109.7 | AB32: 109.6 | AC32: 108.7 | AD32: 111 | AE32: 108.2 | AF32: 109.8 | AG32: 117.4 | AH32: =SUM(X32:AF32,G32:V32) -> 2897.471 | AI32: =SUM(AF32,AE32,AD32,AC32) -> 437.7 | AJ32: =SUM(V32,U32) -> 227.7 | AK32: =SUM(Z32,X32) -> 250.57097 | AL32: =SUM(G32:T32) -> 1649.6 | AM32: =AVERAGE(AF32,AE32,AD32,AC32) -> 109.425 | AN32: =AVERAGE(X32,Z32) -> 125.28548 | AO32: 117.82857
A33: Urban | B33: 2013 | C33: November | D33: =TEXT(DATE(B33, MONTH(1&C33), 1), "mmm-yy") -> Nov-13 | E33: 41579 | F33: Pre covid | G33: 119.8 | H33: 116.3 | I33: 122.6 | J33: 112 | K33: 103.2 | L33: 110 | M33: 192.8 | N33: 106.3 | O33: 99.5 | P33: 110.3 | Q33: 111.8 | R33: 117.1 | S33: 122.9 | T33: 114.1 | U33: 113.5 | V33: 110.3 | W33: 113 | X33: 111.1 | Y33: 110 | Z33: 110.9 | AA33: 108.6 | AB33: 109.5 | AC33: 108.5 | AD33: 111.3 | AE33: 107.9 | AF33: 109.6 | AG33: 115 | AH33: =SUM(X33:AF33,G33:V33) -> 2869.9 | AI33: =SUM(AF33,AE33,AD33,AC33) -> 437.3 | AJ33: =SUM(V33,U33) -> 223.8 | AK33: =SUM(Z33,X33) -> 222 | AL33: =SUM(G33:T33) -> 1658.7 | AM33: =AVERAGE(AF33,AE33,AD33,AC33) -> 109.325 | AN33: =AVERAGE(X33,Z33) -> 111 | AO33: 118.47857
A34: Rural+Urban | B34: 2013 | C34: November | D34: =TEXT(DATE(B34, MONTH(1&C34), 1), "mmm-yy") -> Nov-13 | E34: 41579 | F34: Pre covid | G34: 118.1 | H34: 115.4 | I34: 118.7 | J34: 112.5 | K34: 106.8 | L34: 113.5 | M34: 183.1 | N34: 108.2 | O34: 102.2 | P34: 109.4 | Q34: 111.8 | R34: 116.5 | S34: 122.6 | T34: 113.1 | U34: 114.2 | V34: 111.9 | W34: 113.8 | X34: 111.1 | Y34: 111.6 | Z34: 111.1 | AA34: 109.3 | AB34: 109.5 | AC34: 108.6 | AD34: 111.2 | AE34: 108.1 | AF34: 109.7 | AG34: 116.3 | AH34: =SUM(X34:AF34,G34:V34) -> 2868.2 | AI34: =SUM(AF34,AE34,AD34,AC34) -> 437.6 | AJ34: =SUM(V34,U34) -> 226.1 | AK34: =SUM(Z34,X34) -> 222.2 | AL34: =SUM(G34:T34) -> 1651.9 | AM34: =AVERAGE(AF34,AE34,AD34,AC34) -> 109.4 | AN34: =AVERAGE(X34,Z34) -> 111.1 | AO34: 117.99286
A35: Rural | B35: 2013 | C35: December | D35: =TEXT(DATE(B35, MONTH(1&C35), 1), "mmm-yy") -> Dec-13 | E35: 41609 | F35: Pre covid | G35: 118.4 | H35: 115.9 | I35: 120.4 | J35: 113.8 | K35: 109.5 | L35: 115.5 | M35: 145.7 | N35: 109.5 | O35: 102.9 | P35: 109.8 | Q35: 112.1 | R35: 116.8 | S35: 118.7 | T35: 113.6 | U35: 115.8 | V35: 114 | W35: 115.5 | X35: ='Handle missing value sheet only'!$C$1 -> 139.27097 | Y35: 112.8 | Z35: 112.1 | AA35: 110.1 | AB35: 109.9 | AC35: 109.2 | AD35: 111.6 | AE35: 108.1 | AF35: 110.1 | AG35: 115.5 | AH35: =SUM(X35:AF35,G35:V35) -> 2875.571 | AI35: =SUM(AF35,AE35,AD35,AC35) -> 439 | AJ35: =SUM(V35,U35) -> 229.8 | AK35: =SUM(Z35,X35) -> 251.37097 | AL35: =SUM(G35:T35) -> 1622.6 | AM35: =AVERAGE(AF35,AE35,AD35,AC35) -> 109.75 | AN35: =AVERAGE(X35,Z35) -> 125.68548 | AO35: 115.9
A36: Urban | B36: 2013 | C36: December | D36: =TEXT(DATE(B36, MONTH(1&C36), 1), "mmm-yy") -> Dec-13 | E36: 41609 | F36: Pre covid | G36: 120.5 | H36: 118.1 | I36: 128.5 | J36: 112.8 | K36: 103.4 | L36: 110.7 | M36: 144.8 | N36: 107.1 | O36: 98.6 | P36: 111.9 | Q36: 112.1 | R36: 118.1 | S36: 117.8 | T36: 115 | U36: 114.2 | V36: 110.9 | W36: 113.7 | X36: 110.7 | Y36: 110.4 | Z36: 111.3 | AA36: 109 | AB36: 109.7 | AC36: 108.9 | AD36: 111.4 | AE36: 107.7 | AF36: 109.8 | AG36: 113.3 | AH36: =SUM(X36:AF36,G36:V36) -> 2833.4 | AI36: =SUM(AF36,AE36,AD36,AC36) -> 437.8 | AJ36: =SUM(V36,U36) -> 225.1 | AK36: =SUM(Z36,X36) -> 222 | AL36: =SUM(G36:T36) -> 1619.4 | AM36: =AVERAGE(AF36,AE36,AD36,AC36) -> 109.45 | AN36: =AVERAGE(X36,Z36) -> 111 | AO36: 115.67143
A37: Rural+Urban | B37: 2013 | C37: December | D37: =TEXT(DATE(B37, MONTH(1&C37), 1), "mmm-yy") -> Dec-13 | E37: 41609 | F37: Pre covid | G37: 119.1 | H37: 116.7 | I37: 123.5 | J37: 113.4 | K37: 107.3 | L37: 113.3 | M37: 145.4 | N37: 108.7 | O37: 101.5 | P37: 110.5 | Q37: 112.1 | R37: 117.4 | S37: 118.4 | T37: 114 | U37: 115.2 | V37: 112.7 | W37: 114.8 | X37: 110.7 | Y37: 111.9 | Z37: 111.7 | AA37: 109.7 | AB37: 109.8 | AC37: 109 | AD37: 111.5 | AE37: 107.9 | AF37: 110 | AG37: 114.5 | AH37: =SUM(X37:AF37,G37:V37) -> 2841.4 | AI37: =SUM(AF37,AE37,AD37,AC37) -> 438.4 | AJ37: =SUM(V37,U37) -> 227.9 | AK37: =SUM(Z37,X37) -> 222.4 | AL37: =SUM(G37:T37) -> 1621.3 | AM37: =AVERAGE(AF37,AE37,AD37,AC37) -> 109.6 | AN37: =AVERAGE(X37,Z37) -> 111.2 | AO37: 115.80714
A38: Rural | B38: 2014 | C38: January | D38: =TEXT(DATE(B38, MONTH(1&C38), 1), "mmm-yy") -> Jan-14 | E38: 41640 | F38: Pre covid | G38: 118.9 | H38: 117.1 | I38: 120.5 | J38: 114.4 | K38: 109 | L38: 115.5 | M38: 123.9 | N38: 109.6 | O38: 101.8 | P38: 110.2 | Q38: 112.4 | R38: 117.3 | S38: 116 | T38: 114 | U38: 116.5 | V38: 114.5 | W38: 116.2 | X38: ='Handle missing value sheet only'!$C$1 -> 139.27097 | Y38: 113 | Z38: 112.6 | AA38: 110.6 | AB38: 110.5 | AC38: 109.6 | AD38: 111.8 | AE38: 108.3 | AF38: 110.6 | AG38: 114.2 | AH38: =SUM(X38:AF38,G38:V38) -> 2857.871 | AI38: =SUM(AF38,AE38,AD38,AC38) -> 440.3 | AJ38: =SUM(V38,U38) -> 231 | AK38: =SUM(Z38,X38) -> 251.87097 | AL38: =SUM(G38:T38) -> 1600.6 | AM38: =AVERAGE(AF38,AE38,AD38,AC38) -> 110.075 | AN38: =AVERAGE(X38,Z38) -> 125.93548 | AO38: 114.32857
A39: Urban | B39: 2014 | C39: January | D39: =TEXT(DATE(B39, MONTH(1&C39), 1), "mmm-yy") -> Jan-14 | E39: 41640 | F39: Pre covid | G39: 121.2 | H39: 122 | I39: 129.9 | J39: 113.6 | K39: 102.9 | L39: 112.1 | M39: 118.9 | N39: 107.5 | O39: 96.9 | P39: 112.7 | Q39: 112.1 | R39: 119 | S39: 115.5 | T39: 115.7 | U39: 114.8 | V39: 111.3 | W39: 114.3 | X39: 111.6 | Y39: 111 | Z39: 111.9 | AA39: 109.7 | AB39: 110.8 | AC39: 109.8 | AD39: 111.5 | AE39: 108 | AF39: 110.5 | AG39: 112.9 | AH39: =SUM(X39:AF39,G39:V39) -> 2820.9 | AI39: =SUM(AF39,AE39,AD39,AC39) -> 439.8 | AJ39: =SUM(V39,U39) -> 226.1 | AK39: =SUM(Z39,X39) -> 223.5 | AL39: =SUM(G39:T39) -> 1600 | AM39: =AVERAGE(AF39,AE39,AD39,AC39) -> 109.95 | AN39: =AVERAGE(X39,Z39) -> 111.75 | AO39: 114.28571
A40: Rural+Urban | B40: 2014 | C40: January | D40: =TEXT(DATE(B40, MONTH(1&C40), 1), "mmm-yy") -> Jan-14 | E40: 41640 | F40: Pre covid | G40: 119.6 | H40: 118.8 | I40: 124.1 | J40: 114.1 | K40: 106.8 | L40: 113.9 | M40: 122.2 | N40: 108.9 | O40: 100.2 | P40: 111 | Q40: 112.3 | R40: 118.1 | S40: 115.8 | T40: 114.5 | U40: 115.8 | V40: 113.2 | W40: 115.4 | X40: 111.6 | Y40: 112.2 | Z40: 112.3 | AA40: 110.3 | AB40: 110.7 | AC40: 109.7 | AD40: 111.6 | AE40: 108.2 | AF40: 110.6 | AG40: 113.6 | AH40: =SUM(X40:AF40,G40:V40) -> 2826.5 | AI40: =SUM(AF40,AE40,AD40,AC40) -> 440.1 | AJ40: =SUM(V40,U40) -> 229 | AK40: =SUM(Z40,X40) -> 223.9 | AL40: =SUM(G40:T40) -> 1600.3 | AM40: =AVERAGE(AF40,AE40,AD40,AC40) -> 110.025 | AN40: =AVERAGE(X40,Z40) -> 111.95 | AO40: 114.30714
A41: Rural | B41: 2014 | C41: February | D41: =TEXT(DATE(B41, MONTH(1&C41), 1), "mmm-yy") -> Feb-14 | E41: 41671 | F41: Pre covid | G41: 119.4 | H41: 117.7 | I41: 121.2 | J41: 115 | K41: 109 | L41: 116.6 | M41: 116 | N41: 109.8 | O41: 101.1 | P41: 110.4 | Q41: 112.9 | R41: 117.8 | S41: 115.3 | T41: 114.2 | U41: 117.1 | V41: 114.5 | W41: 116.7 | X41: ='Handle missing value sheet only'!$C$1 -> 139.27097 | Y41: 113.2 | Z41: 112.9 | AA41: 110.9 | AB41: 110.8 | AC41: 109.9 | AD41: 112 | AE41: 108.7 | AF41: 110.9 | AG41: 114 | AH41: =SUM(X41:AF41,G41:V41) -> 2856.571 | AI41: =SUM(AF41,AE41,AD41,AC41) -> 441.5 | AJ41: =SUM(V41,U41) -> 231.6 | AK41: =SUM(Z41,X41) -> 252.17097 | AL41: =SUM(G41:T41) -> 1596.4 | AM41: =AVERAGE(AF41,AE41,AD41,AC41) -> 110.375 | AN41: =AVERAGE(X41,Z41) -> 126.08548 | AO41: 114.02857
A42: Urban | B42: 2014 | C42: February | D42: =TEXT(DATE(B42, MONTH(1&C42), 1), "mmm-yy") -> Feb-14 | E42: 41671 | F42: Pre covid | G42: 121.9 | H42: 122 | I42: 124.5 | J42: 115.2 | K42: 102.5 | L42: 114.1 | M42: 111.5 | N42: 108.2 | O42: 95.4 | P42: 113.5 | Q42: 112.1 | R42: 119.9 | S42: 115.2 | T42: 116.2 | U42: 115.3 | V42: 111.7 | W42: 114.7 | X42: 112.5 | Y42: 111.1 | Z42: 112.6 | AA42: 110.4 | AB42: 111.3 | AC42: 110.3 | AD42: 111.6 | AE42: 108.7 | AF42: 111 | AG42: 113.1 | AH42: =SUM(X42:AF42,G42:V42) -> 2818.7 | AI42: =SUM(AF42,AE42,AD42,AC42) -> 441.6 | AJ42: =SUM(V42,U42) -> 227 | AK42: =SUM(Z42,X42) -> 225.1 | AL42: =SUM(G42:T42) -> 1592.2 | AM42: =AVERAGE(AF42,AE42,AD42,AC42) -> 110.4 | AN42: =AVERAGE(X42,Z42) -> 112.55 | AO42: 113.72857
A43: Rural+Urban | B43: 2014 | C43: February | D43: =TEXT(DATE(B43, MONTH(1&C43), 1), "mmm-yy") -> Feb-14 | E43: 41671 | F43: Pre covid | G43: 120.2 | H43: 119.2 | I43: 122.5 | J43: 115.1 | K43: 106.6 | L43: 115.4 | M43: 114.5 | N43: 109.3 | O43: 99.2 | P43: 111.4 | Q43: 112.6 | R43: 118.8 | S43: 115.3 | T43: 114.7 | U43: 116.4 | V43: 113.3 | W43: 115.9 | X43: 112.5 | Y43: 112.4 | Z43: 112.8 | AA43: 110.7 | AB43: 111.1 | AC43: 110.1 | AD43: 111.8 | AE43: 108.7 | AF43: 110.9 | AG43: 113.6 | AH43: =SUM(X43:AF43,G43:V43) -> 2825.5 | AI43: =SUM(AF43,AE43,AD43,AC43) -> 441.5 | AJ43: =SUM(V43,U43) -> 229.7 | AK43: =SUM(Z43,X43) -> 225.3 | AL43: =SUM(G43:T43) -> 1594.8 | AM43: =AVERAGE(AF43,AE43,AD43,AC43) -> 110.375 | AN43: =AVERAGE(X43,Z43) -> 112.65 | AO43: 113.91429
A44: Rural | B44: 2014 | C44: March | D44: =TEXT(DATE(B44, MONTH(1&C44), 1), "mmm-yy") -> Mar-14 | E44: 41699 | F44: Pre covid | G44: 120.1 | H44: 118.1 | I44: 120.7 | J44: 116.1 | K44: 109.3 | L44: 119.6 | M44: 117.9 | N44: 110.2 | O44: 101.2 | P44: 110.7 | Q44: 113 | R44: 118.3 | S44: 116.2 | T44: 114.6 | U44: 117.5 | V44: 114.9 | W44: 117.2 | X44: ='Handle missing value sheet only'!$C$1 -> 139.27097 | Y44: 113.4 | Z44: 113.4 | AA44: 111.4 | AB44: 111.2 | AC44: 110.2 | AD44: 112.4 | AE44: 108.9 | AF44: 111.3 | AG44: 114.6 | AH44: =SUM(X44:AF44,G44:V44) -> 2869.871 | AI44: =SUM(AF44,AE44,AD44,AC44) -> 442.8 | AJ44: =SUM(V44,U44) -> 232.4 | AK44: =SUM(Z44,X44) -> 252.67097 | AL44: =SUM(G44:T44) -> 1606 | AM44: =AVERAGE(AF44,AE44,AD44,AC44) -> 110.7 | AN44: =AVERAGE(X44,Z44) -> 126.33548 | AO44: 114.71429
A45: Urban | B45: 2014 | C45: March | D45: =TEXT(DATE(B45, MONTH(1&C45), 1), "mmm-yy") -> Mar-14 | E45: 41699 | F45: Pre covid | G45: 122.1 | H45: 121.4 | I45: 121.5 | J45: 116.2 | K45: 102.8 | L45: 117.7 | M45: 113.3 | N45: 108.9 | O45: 96.3 | P45: 114.1 | Q45: 112.2 | R45: 120.5 | S45: 116 | T45: 116.7 | U45: 115.8 | V45: 112.1 | W45: 115.2 | X45: 113.2 | Y45: 110.9 | Z45: 113 | AA45: 110.8 | AB45: 111.6 | AC45: 110.9 | AD45: 111.8 | AE45: 109.2 | AF45: 111.4 | AG45: 113.7 | AH45: =SUM(X45:AF45,G45:V45) -> 2830.4 | AI45: =SUM(AF45,AE45,AD45,AC45) -> 443.3 | AJ45: =SUM(V45,U45) -> 227.9 | AK45: =SUM(Z45,X45) -> 226.2 | AL45: =SUM(G45:T45) -> 1599.7 | AM45: =AVERAGE(AF45,AE45,AD45,AC45) -> 110.825 | AN45: =AVERAGE(X45,Z45) -> 113.1 | AO45: 114.26429
A46: Rural+Urban | B46: 2014 | C46: Marcrh | D46: =TEXT(DATE(B46, MONTH(1&C46), 1), "mmm-yy") -> #VALUE! | F46: Pre covid | G46: 120.7 | H46: 119.3 | I46: 121 | J46: 116.1 | K46: 106.9 | L46: 118.7 | M46: 116.3 | N46: 109.8 | O46: 99.6 | P46: 111.8 | Q46: 112.7 | R46: 119.3 | S46: 116.1 | T46: 115.2 | U46: 116.8 | V46: 113.7 | W46: 116.4 | X46: 113.2 | Y46: 112.5 | Z46: 113.2 | AA46: 111.2 | AB46: 111.4 | AC46: 110.6 | AD46: 112 | AE46: 109 | AF46: 111.3 | AG46: 114.2 | AH46: =SUM(X46:AF46,G46:V46) -> 2838.4 | AI46: =SUM(AF46,AE46,AD46,AC46) -> 442.9 | AJ46: =SUM(V46,U46) -> 230.5 | AK46: =SUM(Z46,X46) -> 226.4 | AL46: =SUM(G46:T46) -> 1603.5 | AM46: =AVERAGE(AF46,AE46,AD46,AC46) -> 110.725 | AN46: =AVERAGE(X46,Z46) -> 113.2 | AO46: 114.53571
A47: Rural | B47: 2014 | C47: April | D47: =TEXT(DATE(B47, MONTH(1&C47), 1), "mmm-yy") -> Apr-14 | E47: 41730 | F47: Pre covid | G47: 120.2 | H47: 118.9 | I47: 118.1 | J47: 117 | K47: 109.7 | L47: 125.5 | M47: 120.5 | N47: 111 | O47: 102.6 | P47: 111.2 | Q47: 113.5 | R47: 118.7 | S47: 117.2 | T47: 115.4 | U47: 118.1 | V47: 116.1 | W47: 117.8 | X47: ='Handle missing value sheet only'!$C$1 -> 139.27097 | Y47: 113.4 | Z47: 113.7 | AA47: 111.8 | AB47: 111.2 | AC47: 110.5 | AD47: 113 | AE47: 108.9 | AF47: 111.5 | AG47: 115.4 | AH47: =SUM(X47:AF47,G47:V47) -> 2886.971 | AI47: =SUM(AF47,AE47,AD47,AC47) -> 443.9 | AJ47: =SUM(V47,U47) -> 234.2 | AK47: =SUM(Z47,X47) -> 252.97097 | AL47: =SUM(G47:T47) -> 1619.5 | AM47: =AVERAGE(AF47,AE47,AD47,AC47) -> 110.975 | AN47: =AVERAGE(X47,Z47) -> 126.48548 | AO47: 115.67857
A48: Urban | B48: 2014 | C48: April | D48: =TEXT(DATE(B48, MONTH(1&C48), 1), "mmm-yy") -> Apr-14 | E48: 41730 | F48: Pre covid | G48: 122.5 | H48: 121.7 | I48: 113.3 | J48: 117 | K48: 103.1 | L48: 126.7 | M48: 121.2 | N48: 111 | O48: 100.3 | P48: 115.3 | Q48: 112.7 | R48: 121 | S48: 118.2 | T48: 117.6 | U48: 116.3 | V48: 112.5 | W48: 115.7 | X48: 113.9 | Y48: 110.9 | Z48: 113.4 | AA48: 111 | AB48: 111.2 | AC48: 111.2 | AD48: 112.5 | AE48: 109.1 | AF48: 111.4 | AG48: 114.7 | AH48: =SUM(X48:AF48,G48:V48) -> 2855 | AI48: =SUM(AF48,AE48,AD48,AC48) -> 444.2 | AJ48: =SUM(V48,U48) -> 228.8 | AK48: =SUM(Z48,X48) -> 227.3 | AL48: =SUM(G48:T48) -> 1621.6 | AM48: =AVERAGE(AF48,AE48,AD48,AC48) -> 111.05 | AN48: =AVERAGE(X48,Z48) -> 113.65 | AO48: 115.82857
A49: Rural+Urban | B49: 2014 | C49: April | D49: =TEXT(DATE(B49, MONTH(1&C49), 1), "mmm-yy") -> Apr-14 | E49: 41730 | F49: Pre covid | G49: 120.9 | H49: 119.9 | I49: 116.2 | J49: 117 | K49: 107.3 | L49: 126.1 | M49: 120.7 | N49: 111 | O49: 101.8 | P49: 112.6 | Q49: 113.2 | R49: 119.8 | S49: 117.6 | T49: 116 | U49: 117.4 | V49: 114.6 | W49: 117 | X49: 113.9 | Y49: 112.5 | Z49: 113.6 | AA49: 111.5 | AB49: 111.2 | AC49: 110.9 | AD49: 112.7 | AE49: 109 | AF49: 111.5 | AG49: 115.1 | AH49: =SUM(X49:AF49,G49:V49) -> 2858.9 | AI49: =SUM(AF49,AE49,AD49,AC49) -> 444.1 | AJ49: =SUM(V49,U49) -> 232 | AK49: =SUM(Z49,X49) -> 227.5 | AL49: =SUM(G49:T49) -> 1620.1 | AM49: =AVERAGE(AF49,AE49,AD49,AC49) -> 111.025 | AN49: =AVERAGE(X49,Z49) -> 113.75 | AO49: 115.72143
A50: Rural | B50: 2014 | C50: May | D50: =TEXT(DATE(B50, MONTH(1&C50), 1), "mmm-yy") -> May-14 | E50: 41760 | F50: Pre covid | G50: 120.3 | H50: 120.2 | I50: 116.9 | J50: 118 | K50: 110.1 | L50: 126.3 | M50: 123.9 | N50: 111.5 | O50: 103.5 | P50: 111.6 | Q50: 114.2 | R50: 119.2 | S50: 118.2 | T50: 116.3 | U50: 118.7 | V50: 116.8 | W50: 118.5 | X50: ='Handle missing value sheet only'!$C$1 -> 139.27097 | Y50: 113.4 | Z50: 114.1 | AA50: 112.1 | AB50: 111.4 | AC50: 110.9 | AD50: 113.1 | AE50: 108.9 | AF50: 111.8 | AG50: 116 | AH50: =SUM(X50:AF50,G50:V50) -> 2900.671 | AI50: =SUM(AF50,AE50,AD50,AC50) -> 444.7 | AJ50: =SUM(V50,U50) -> 235.5 | AK50: =SUM(Z50,X50) -> 253.37097 | AL50: =SUM(G50:T50) -> 1630.2 | AM50: =AVERAGE(AF50,AE50,AD50,AC50) -> 111.175 | AN50: =AVERAGE(X50,Z50) -> 126.68548 | AO50: 116.44286
A51: Urban | B51: 2014 | C51: May | D51: =TEXT(DATE(B51, MONTH(1&C51), 1), "mmm-yy") -> May-14 | E51: 41760 | F51: Pre covid | G51: 122.7 | H51: 124.1 | I51: 114.2 | J51: 119.1 | K51: 103.5 | L51: 129.2 | M51: 127 | N51: 112.6 | O51: 101.3 | P51: 117 | Q51: 112.9 | R51: 121.7 | S51: 120 | T51: 118.3 | U51: 116.8 | V51: 112.9 | W51: 116.2 | X51: 114.3 | Y51: 111.1 | Z51: 114.1 | AA51: 111.2 | AB51: 111.3 | AC51: 111.5 | AD51: 112.9 | AE51: 109.3 | AF51: 111.7 | AG51: 115.6 | AH51: =SUM(X51:AF51,G51:V51) -> 2880.7 | AI51: =SUM(AF51,AE51,AD51,AC51) -> 445.4 | AJ51: =SUM(V51,U51) -> 229.7 | AK51: =SUM(Z51,X51) -> 228.4 | AL51: =SUM(G51:T51) -> 1643.6 | AM51: =AVERAGE(AF51,AE51,AD51,AC51) -> 111.35 | AN51: =AVERAGE(X51,Z51) -> 114.2 | AO51: 117.4
A52: Rural+Urban | B52: 2014 | C52: May | D52: =TEXT(DATE(B52, MONTH(1&C52), 1), "mmm-yy") -> May-14 | E52: 41760 | F52: Pre covid | G52: 121.1 | H52: 121.6 | I52: 115.9 | J52: 118.4 | K52: 107.7 | L52: 127.7 | M52: 125 | N52: 111.9 | O52: 102.8 | P52: 113.4 | Q52: 113.7 | R52: 120.4 | S52: 118.9 | T52: 116.8 | U52: 118 | V52: 115.2 | W52: 117.6 | X52: 114.3 | Y52: 112.5 | Z52: 114.1 | AA52: 111.8 | AB52: 111.3 | AC52: 111.2 | AD52: 113 | AE52: 109.1 | AF52: 111.8 | AG52: 115.8 | AH52: =SUM(X52:AF52,G52:V52) -> 2877.6 | AI52: =SUM(AF52,AE52,AD52,AC52) -> 445.1 | AJ52: =SUM(V52,U52) -> 233.2 | AK52: =SUM(Z52,X52) -> 228.4 | AL52: =SUM(G52:T52) -> 1635.3 | AM52: =AVERAGE(AF52,AE52,AD52,AC52) -> 111.275 | AN52: =AVERAGE(X52,Z52) -> 114.2 | AO52: 116.80714
A53: Rural | B53: 2014 | C53: June | D53: =TEXT(DATE(B53, MONTH(1&C53), 1), "mmm-yy") -> Jun-14 | E53: 41791 | F53: Pre covid | G53: 120.7 | H53: 121.6 | I53: 116.1 | J53: 119.3 | K53: 110.3 | L53: 125.8 | M53: 129.3 | N53: 112.2 | O53: 103.6 | P53: 112.3 | Q53: 114.9 | R53: 120.1 | S53: 119.5 | T53: 117.3 | U53: 119.7 | V53: 117.3 | W53: 119.3 | X53: ='Handle missing value sheet only'!$C$1 -> 139.27097 | Y53: 114.4 | Z53: 114.9 | AA53: 112.8 | AB53: 112.2 | AC53: 111.4 | AD53: 114.3 | AE53: 108 | AF53: 112.3 | AG53: 117 | AH53: =SUM(X53:AF53,G53:V53) -> 2919.571 | AI53: =SUM(AF53,AE53,AD53,AC53) -> 446 | AJ53: =SUM(V53,U53) -> 237 | AK53: =SUM(Z53,X53) -> 254.17097 | AL53: =SUM(G53:T53) -> 1643 | AM53: =AVERAGE(AF53,AE53,AD53,AC53) -> 111.5 | AN53: =AVERAGE(X53,Z53) -> 127.08548 | AO53: 117.35714
A54: Urban | B54: 2014 | C54: June | D54: =TEXT(DATE(B54, MONTH(1&C54), 1), "mmm-yy") -> Jun-14 | E54: 41791 | F54: Pre covid | G54: 123.1 | H54: 125.9 | I54: 115.4 | J54: 120.4 | K54: 103.4 | L54: 131.2 | M54: 137.5 | N54: 112.8 | O54: 101.4 | P54: 118.3 | Q54: 113.2 | R54: 122.4 | S54: 122 | T54: 119 | U54: 117.4 | V54: 113.2 | W54: 116.7 | X54: 113.9 | Y54: 111.2 | Z54: 114.3 | AA54: 111.4 | AB54: 111.5 | AC54: 111.8 | AD54: 115.1 | AE54: 108.7 | AF54: 112.2 | AG54: 116.4 | AH54: =SUM(X54:AF54,G54:V54) -> 2906.7 | AI54: =SUM(AF54,AE54,AD54,AC54) -> 447.8 | AJ54: =SUM(V54,U54) -> 230.6 | AK54: =SUM(Z54,X54) -> 228.2 | AL54: =SUM(G54:T54) -> 1666 | AM54: =AVERAGE(AF54,AE54,AD54,AC54) -> 111.95 | AN54: =AVERAGE(X54,Z54) -> 114.1 | AO54: 119
A55: Rural+Urban | B55: 2014 | C55: June | D55: =TEXT(DATE(B55, MONTH(1&C55), 1), "mmm-yy") -> Jun-14 | E55: 41791 | F55: Pre covid | G55: 121.5 | H55: 123.1 | I55: 115.8 | J55: 119.7 | K55: 107.8 | L55: 128.3 | M55: 132.1 | N55: 112.4 | O55: 102.9 | P55: 114.3 | Q55: 114.2 | R55: 121.2 | S55: 120.4 | T55: 117.8 | U55: 118.8 | V55: 115.6 | W55: 118.3 | X55: 113.9 | Y55: 113.2 | Z55: 114.6 | AA55: 112.3 | AB55: 111.8 | AC55: 111.6 | AD55: 114.8 | AE55: 108.3 | AF55: 112.3 | AG55: 116.7 | AH55: =SUM(X55:AF55,G55:V55) -> 2898.7 | AI55: =SUM(AF55,AE55,AD55,AC55) -> 447 | AJ55: =SUM(V55,U55) -> 234.4 | AK55: =SUM(Z55,X55) -> 228.5 | AL55: =SUM(G55:T55) -> 1651.5 | AM55: =AVERAGE(AF55,AE55,AD55,AC55) -> 111.75 | AN55: =AVERAGE(X55,Z55) -> 114.25 | AO55: 117.96429
A56: Rural | B56: 2014 | C56: July | D56: =TEXT(DATE(B56, MONTH(1&C56), 1), "mmm-yy") -> Jul-14 | E56: 41821 | F56: Pre covid | G56: 121.7 | H56: 122.5 | I56: 117.7 | J56: 120.6 | K56: 110.4 | L56: 129.1 | M56: 150.1 | N56: 113.2 | O56: 104.8 | P56: 113.3 | Q56: 115.6 | R56: 120.9 | S56: 123.3 | T56: 118 | U56: 120.7 | V56: 118.3 | W56: 120.3 | X56: ='Handle missing value sheet only'!$C$1 -> 139.27097 | Y56: 115.3 | Z56: 115.4 | AA56: 113.4 | AB56: 113.2 | AC56: 111.8 | AD56: 115.5 | AE56: 108.8 | AF56: 113.1 | AG56: 119.5 | AH56: =SUM(X56:AF56,G56:V56) -> 2965.971 | AI56: =SUM(AF56,AE56,AD56,AC56) -> 449.2 | AJ56: =SUM(V56,U56) -> 239 | AK56: =SUM(Z56,X56) -> 254.67097 | AL56: =SUM(G56:T56) -> 1681.2 | AM56: =AVERAGE(AF56,AE56,AD56,AC56) -> 112.3 | AN56: =AVERAGE(X56,Z56) -> 127.33548 | AO56: 120.08571
A57: Urban | B57: 2014 | C57: July | D57: =TEXT(DATE(B57, MONTH(1&C57), 1), "mmm-yy") -> Jul-14 | E57: 41821 | F57: Pre covid | G57: 123.8 | H57: 126.4 | I57: 118 | J57: 121.6 | K57: 103.5 | L57: 133.7 | M57: 172.4 | N57: 113.1 | O57: 102.7 | P57: 120 | Q57: 113.8 | R57: 123.4 | S57: 127.1 | T57: 121 | U57: 118 | V57: 113.6 | W57: 117.4 | X57: 114.8 | Y57: 111.6 | Z57: 114.9 | AA57: 111.5 | AB57: 113 | AC57: 112.4 | AD57: 117.8 | AE57: 109.7 | AF57: 113.5 | AG57: 118.9 | AH57: =SUM(X57:AF57,G57:V57) -> 2971.3 | AI57: =SUM(AF57,AE57,AD57,AC57) -> 453.4 | AJ57: =SUM(V57,U57) -> 231.6 | AK57: =SUM(Z57,X57) -> 229.7 | AL57: =SUM(G57:T57) -> 1720.5 | AM57: =AVERAGE(AF57,AE57,AD57,AC57) -> 113.35 | AN57: =AVERAGE(X57,Z57) -> 114.85 | AO57: 122.89286
A58: Rural+Urban | B58: 2014 | C58: July | D58: =TEXT(DATE(B58, MONTH(1&C58), 1), "mmm-yy") -> Jul-14 | E58: 41821 | F58: Pre covid | G58: 122.4 | H58: 123.9 | I58: 117.8 | J58: 121 | K58: 107.9 | L58: 131.2 | M58: 157.7 | N58: 113.2 | O58: 104.1 | P58: 115.5 | Q58: 114.8 | R58: 122.1 | S58: 124.7 | T58: 118.8 | U58: 119.6 | V58: 116.3 | W58: 119.1 | X58: 114.8 | Y58: 113.9 | Z58: 115.2 | AA58: 112.7 | AB58: 113.1 | AC58: 112.1 | AD58: 116.8 | AE58: 109.2 | AF58: 113.3 | AG58: 119.2 | AH58: =SUM(X58:AF58,G58:V58) -> 2952.1 | AI58: =SUM(AF58,AE58,AD58,AC58) -> 451.4 | AJ58: =SUM(V58,U58) -> 235.9 | AK58: =SUM(Z58,X58) -> 230 | AL58: =SUM(G58:T58) -> 1695.1 | AM58: =AVERAGE(AF58,AE58,AD58,AC58) -> 112.85 | AN58: =AVERAGE(X58,Z58) -> 115 | AO58: 121.07857
A59: Rural | B59: 2014 | C59: August | D59: =TEXT(DATE(B59, MONTH(1&C59), 1), "mmm-yy") -> Aug-14 | E59: 41852 | F59: Pre covid | G59: 121.8 | H59: 122.8 | I59: 117.8 | J59: 121.9 | K59: 110.6 | L59: 129.7 | M59: 161.1 | N59: 114.1 | O59: 105.1 | P59: 114.6 | Q59: 115.8 | R59: 121.7 | S59: 125.3 | T59: 118.8 | U59: 120.9 | V59: 118.8 | W59: 120.7 | X59: ='Handle missing value sheet only'!$C$1 -> 139.27097 | Y59: 115.4 | Z59: 115.9 | AA59: 114 | AB59: 113.2 | AC59: 112.2 | AD59: 116.2 | AE59: 109.4 | AF59: 113.5 | AG59: 120.7 | AH59: =SUM(X59:AF59,G59:V59) -> 2989.871 | AI59: =SUM(AF59,AE59,AD59,AC59) -> 451.3 | AJ59: =SUM(V59,U59) -> 239.7 | AK59: =SUM(Z59,X59) -> 255.17097 | AL59: =SUM(G59:T59) -> 1701.1 | AM59: =AVERAGE(AF59,AE59,AD59,AC59) -> 112.825 | AN59: =AVERAGE(X59,Z59) -> 127.58548 | AO59: 121.50714
A60: Urban | B60: 2014 | C60: August | D60: =TEXT(DATE(B60, MONTH(1&C60), 1), "mmm-yy") -> Aug-14 | E60: 41852 | F60: Pre covid | G60: 124.8 | H60: 127.3 | I60: 116.5 | J60: 122.2 | K60: 103.6 | L60: 132.7 | M60: 181.9 | N60: 115.2 | O60: 102.7 | P60: 122.1 | Q60: 114.4 | R60: 124.7 | S60: 128.9 | T60: 123 | U60: 118.6 | V60: 114.1 | W60: 117.9 | X60: 115.5 | Y60: 111.8 | Z60: 115.3 | AA60: 112.2 | AB60: 112.5 | AC60: 112.9 | AD60: 119.2 | AE60: 110.5 | AF60: 113.9 | AG60: 119.9 | AH60: =SUM(X60:AF60,G60:V60) -> 2996.5 | AI60: =SUM(AF60,AE60,AD60,AC60) -> 456.5 | AJ60: =SUM(V60,U60) -> 232.7 | AK60: =SUM(Z60,X60) -> 230.8 | AL60: =SUM(G60:T60) -> 1740 | AM60: =AVERAGE(AF60,AE60,AD60,AC60) -> 114.125 | AN60: =AVERAGE(X60,Z60) -> 115.4 | AO60: 124.28571
A61: Rural+Urban | B61: 2014 | C61: August | D61: =TEXT(DATE(B61, MONTH(1&C61), 1), "mmm-yy") -> Aug-14 | E61: 41852 | F61: Pre covid | G61: 122.7 | H61: 124.4 | I61: 117.3 | J61: 122 | K61: 108 | L61: 131.1 | M61: 168.2 | N61: 114.5 | O61: 104.3 | P61: 117.1 | Q61: 115.2 | R61: 123.1 | S61: 126.6 | T61: 119.9 | U61: 120 | V61: 116.8 | W61: 119.6 | X61: 115.5 | Y61: 114 | Z61: 115.6 | AA61: 113.3 | AB61: 112.8 | AC61: 112.6 | AD61: 118 | AE61: 109.9 | AF61: 113.7 | AG61: 120.3 | AH61: =SUM(X61:AF61,G61:V61) -> 2976.6 | AI61: =SUM(AF61,AE61,AD61,AC61) -> 454.2 | AJ61: =SUM(V61,U61) -> 236.8 | AK61: =SUM(Z61,X61) -> 231.1 | AL61: =SUM(G61:T61) -> 1714.4 | AM61: =AVERAGE(AF61,AE61,AD61,AC61) -> 113.55 | AN61: =AVERAGE(X61,Z61) -> 115.55 | AO61: 122.45714
A62: Rural | B62: 2014 | C62: September | D62: =TEXT(DATE(B62, MONTH(1&C62), 1), "mmm-yy") -> Sep-14 | E62: 41883 | F62: Pre covid | G62: 122.3 | H62: 122.4 | I62: 117.8 | J62: 122.7 | K62: 110.4 | L62: 129.8 | M62: 158.8 | N62: 115 | O62: 104.7 | P62: 114.9 | Q62: 116.5 | R62: 122.6 | S62: 125.3 | T62: 119.5 | U62: 121.7 | V62: 119.2 | W62: 121.3 | X62: ='Handle missing value sheet only'!$C$1 -> 139.27097 | Y62: 115.8 | Z62: 116.7 | AA62: 114.5 | AB62: 112.8 | AC62: 112.6 | AD62: 116.6 | AE62: 109.1 | AF62: 113.7 | AG62: 120.9 | AH62: =SUM(X62:AF62,G62:V62) -> 2994.671 | AI62: =SUM(AF62,AE62,AD62,AC62) -> 452 | AJ62: =SUM(V62,U62) -> 240.9 | AK62: =SUM(Z62,X62) -> 255.97097 | AL62: =SUM(G62:T62) -> 1702.7 | AM62: =AVERAGE(AF62,AE62,AD62,AC62) -> 113 | AN62: =AVERAGE(X62,Z62) -> 127.98548 | AO62: 121.62143
A63: Urban | B63: 2014 | C63: September | D63: =TEXT(DATE(B63, MONTH(1&C63), 1), "mmm-yy") -> Sep-14 | E63: 41883 | F63: Pre covid | G63: 124.2 | H63: 125.4 | I63: 116.4 | J63: 122.7 | K63: 103.5 | L63: 124.5 | M63: 168.6 | N63: 116.9 | O63: 101.9 | P63: 122.9 | Q63: 114.8 | R63: 125.2 | S63: 126.7 | T63: 124.3 | U63: 119.2 | V63: 114.5 | W63: 118.4 | X63: 116.1 | Y63: 111.8 | Z63: 115.5 | AA63: 112.3 | AB63: 111.2 | AC63: 113.4 | AD63: 120 | AE63: 110 | AF63: 113.6 | AG63: 119.2 | AH63: =SUM(X63:AF63,G63:V63) -> 2975.6 | AI63: =SUM(AF63,AE63,AD63,AC63) -> 457 | AJ63: =SUM(V63,U63) -> 233.7 | AK63: =SUM(Z63,X63) -> 231.6 | AL63: =SUM(G63:T63) -> 1718 | AM63: =AVERAGE(AF63,AE63,AD63,AC63) -> 114.25 | AN63: =AVERAGE(X63,Z63) -> 115.8 | AO63: 122.71429
A64: Rural+Urban | B64: 2014 | C64: September | D64: =TEXT(DATE(B64, MONTH(1&C64), 1), "mmm-yy") -> Sep-14 | E64: 41883 | F64: Pre covid | G64: 122.9 | H64: 123.5 | I64: 117.3 | J64: 122.7 | K64: 107.9 | L64: 127.3 | M64: 162.1 | N64: 115.6 | O64: 103.8 | P64: 117.6 | Q64: 115.8 | R64: 123.8 | S64: 125.8 | T64: 120.8 | U64: 120.7 | V64: 117.2 | W64: 120.1 | X64: 116.1 | Y64: 114.3 | Z64: 116.1 | AA64: 113.7 | AB64: 112 | AC64: 113.1 | AD64: 118.6 | AE64: 109.5 | AF64: 113.7 | AG64: 120.1 | AH64: =SUM(X64:AF64,G64:V64) -> 2971.9 | AI64: =SUM(AF64,AE64,AD64,AC64) -> 454.9 | AJ64: =SUM(V64,U64) -> 237.9 | AK64: =SUM(Z64,X64) -> 232.2 | AL64: =SUM(G64:T64) -> 1706.9 | AM64: =AVERAGE(AF64,AE64,AD64,AC64) -> 113.725 | AN64: =AVERAGE(X64,Z64) -> 116.1 | AO64: 121.92143
A65: Rural | B65: 2014 | C65: October | D65: =TEXT(DATE(B65, MONTH(1&C65), 1), "mmm-yy") -> Oct-14 | E65: 41913 | F65: Pre covid | G65: 122.6 | H65: 122.5 | I65: 118.3 | J65: 123.2 | K65: 110.5 | L65: 128.9 | M65: 155.3 | N65: 115.5 | O65: 104 | P65: 115.3 | Q65: 116.8 | R65: 123.2 | S65: 125.1 | T65: 120 | U65: 122.7 | V65: 120.3 | W65: 122.3 | X65: ='Handle missing value sheet only'!$C$1 -> 139.27097 | Y65: 116.4 | Z65: 117.5 | AA65: 115.3 | AB65: 112.6 | AC65: 113 | AD65: 116.9 | AE65: 109.3 | AF65: 114 | AG65: 121 | AH65: =SUM(X65:AF65,G65:V65) -> 2998.471 | AI65: =SUM(AF65,AE65,AD65,AC65) -> 453.2 | AJ65: =SUM(V65,U65) -> 243 | AK65: =SUM(Z65,X65) -> 256.77097 | AL65: =SUM(G65:T65) -> 1701.2 | AM65: =AVERAGE(AF65,AE65,AD65,AC65) -> 113.3 | AN65: =AVERAGE(X65,Z65) -> 128.38548 | AO65: 121.51429
A66: Urban | B66: 2014 | C66: October | D66: =TEXT(DATE(B66, MONTH(1&C66), 1), "mmm-yy") -> Oct-14 | E66: 41913 | F66: Pre covid | G66: 124.6 | H66: 126.1 | I66: 117.8 | J66: 123.1 | K66: 103.5 | L66: 123.5 | M66: 159.6 | N66: 117.4 | O66: 101.2 | P66: 123.8 | Q66: 115.2 | R66: 125.9 | S66: 125.8 | T66: 124.3 | U66: 119.6 | V66: 114.9 | W66: 118.9 | X66: 116.7 | Y66: 112 | Z66: 115.8 | AA66: 112.6 | AB66: 111 | AC66: 113.6 | AD66: 120.2 | AE66: 110.1 | AF66: 113.7 | AG66: 119.1 | AH66: =SUM(X66:AF66,G66:V66) -> 2972 | AI66: =SUM(AF66,AE66,AD66,AC66) -> 457.6 | AJ66: =SUM(V66,U66) -> 234.5 | AK66: =SUM(Z66,X66) -> 232.5 | AL66: =SUM(G66:T66) -> 1711.8 | AM66: =AVERAGE(AF66,AE66,AD66,AC66) -> 114.4 | AN66: =AVERAGE(X66,Z66) -> 116.25 | AO66: 122.27143
A67: Rural+Urban | B67: 2014 | C67: October | D67: =TEXT(DATE(B67, MONTH(1&C67), 1), "mmm-yy") -> Oct-14 | E67: 41913 | F67: Pre covid | G67: 123.2 | H67: 123.8 | I67: 118.1 | J67: 123.2 | K67: 107.9 | L67: 126.4 | M67: 156.8 | N67: 116.1 | O67: 103.1 | P67: 118.1 | Q67: 116.1 | R67: 124.5 | S67: 125.4 | T67: 121.1 | U67: 121.5 | V67: 118.1 | W67: 121 | X67: 116.7 | Y67: 114.7 | Z67: 116.7 | AA67: 114.3 | AB67: 111.8 | AC67: 113.3 | AD67: 118.8 | AE67: 109.6 | AF67: 113.9 | AG67: 120.1 | AH67: =SUM(X67:AF67,G67:V67) -> 2973.2 | AI67: =SUM(AF67,AE67,AD67,AC67) -> 455.6 | AJ67: =SUM(V67,U67) -> 239.6 | AK67: =SUM(Z67,X67) -> 233.4 | AL67: =SUM(G67:T67) -> 1703.8 | AM67: =AVERAGE(AF67,AE67,AD67,AC67) -> 113.9 | AN67: =AVERAGE(X67,Z67) -> 116.7 | AO67: 121.7
A68: Rural | B68: 2014 | C68: November | D68: =TEXT(DATE(B68, MONTH(1&C68), 1), "mmm-yy") -> Nov-14 | E68: 41944 | F68: Pre covid | G68: 122.7 | H68: 122.6 | I68: 119.9 | J68: 124 | K68: 110.5 | L68: 128.8 | M68: 152 | N68: 116.2 | O68: 103.3 | P68: 115.8 | Q68: 116.8 | R68: 124.5 | S68: 124.9 | T68: 120.8 | U68: 123.3 | V68: 120.5 | W68: 122.9 | X68: ='Handle missing value sheet only'!$C$1 -> 139.27097 | Y68: 117.3 | Z68: 118.1 | AA68: 115.9 | AB68: 112 | AC68: 113.3 | AD68: 117.2 | AE68: 108.8 | AF68: 114.1 | AG68: 121.1 | AH68: =SUM(X68:AF68,G68:V68) -> 3002.571 | AI68: =SUM(AF68,AE68,AD68,AC68) -> 453.4 | AJ68: =SUM(V68,U68) -> 243.8 | AK68: =SUM(Z68,X68) -> 257.37097 | AL68: =SUM(G68:T68) -> 1702.8 | AM68: =AVERAGE(AF68,AE68,AD68,AC68) -> 113.35 | AN68: =AVERAGE(X68,Z68) -> 128.68548 | AO68: 121.62857
A69: Urban | B69: 2014 | C69: November | D69: =TEXT(DATE(B69, MONTH(1&C69), 1), "mmm-yy") -> Nov-14 | E69: 41944 | F69: Pre covid | G69: 124.5 | H69: 125.6 | I69: 122.7 | J69: 124.6 | K69: 103.2 | L69: 122.2 | M69: 153.2 | N69: 119.3 | O69: 99.8 | P69: 124.6 | Q69: 115.8 | R69: 126.9 | S69: 125.4 | T69: 125.8 | U69: 120.3 | V69: 115.4 | W69: 119.5 | X69: 117.1 | Y69: 112.6 | Z69: 116.4 | AA69: 113 | AB69: 109.7 | AC69: 114 | AD69: 120.3 | AE69: 109.6 | AF69: 113.4 | AG69: 119 | AH69: =SUM(X69:AF69,G69:V69) -> 2975.4 | AI69: =SUM(AF69,AE69,AD69,AC69) -> 457.3 | AJ69: =SUM(V69,U69) -> 235.7 | AK69: =SUM(Z69,X69) -> 233.5 | AL69: =SUM(G69:T69) -> 1713.6 | AM69: =AVERAGE(AF69,AE69,AD69,AC69) -> 114.325 | AN69: =AVERAGE(X69,Z69) -> 116.75 | AO69: 122.4
A70: Rural+Urban | B70: 2014 | C70: November | D70: =TEXT(DATE(B70, MONTH(1&C70), 1), "mmm-yy") -> Nov-14 | E70: 41944 | F70: Pre covid | G70: 123.3 | H70: 123.7 | I70: 121 | J70: 124.2 | K70: 107.8 | L70: 125.7 | M70: 152.4 | N70: 117.2 | O70: 102.1 | P70: 118.7 | Q70: 116.4 | R70: 125.6 | S70: 125.1 | T70: 122.1 | U70: 122.1 | V70: 118.4 | W70: 121.6 | X70: 117.1 | Y70: 115.5 | Z70: 117.3 | AA70: 114.8 | AB70: 110.8 | AC70: 113.7 | AD70: 119 | AE70: 109.1 | AF70: 113.8 | AG70: 120.1 | AH70: =SUM(X70:AF70,G70:V70) -> 2976.9 | AI70: =SUM(AF70,AE70,AD70,AC70) -> 455.6 | AJ70: =SUM(V70,U70) -> 240.5 | AK70: =SUM(Z70,X70) -> 234.4 | AL70: =SUM(G70:T70) -> 1705.3 | AM70: =AVERAGE(AF70,AE70,AD70,AC70) -> 113.9 | AN70: =AVERAGE(X70,Z70) -> 117.2 | AO70: 121.80714
A71: Rural | B71: 2014 | C71: December | D71: =TEXT(DATE(B71, MONTH(1&C71), 1), "mmm-yy") -> Dec-14 | E71: 41974 | F71: Pre covid | G71: 122.4 | H71: 122.4 | I71: 121.8 | J71: 124.2 | K71: 110.2 | L71: 128.6 | M71: 140.3 | N71: 116.3 | O71: 102 | P71: 116 | Q71: 117.3 | R71: 124.8 | S71: 123.3 | T71: 121.7 | U71: 123.8 | V71: 120.6 | W71: 123.3 | X71: ='Handle missing value sheet only'!$C$1 -> 139.27097 | Y71: 117.4 | Z71: 118.2 | AA71: 116.2 | AB71: 111.5 | AC71: 113.3 | AD71: 117.7 | AE71: 109.4 | AF71: 114.2 | AG71: 120.3 | AH71: =SUM(X71:AF71,G71:V71) -> 2992.871 | AI71: =SUM(AF71,AE71,AD71,AC71) -> 454.6 | AJ71: =SUM(V71,U71) -> 244.4 | AK71: =SUM(Z71,X71) -> 257.47097 | AL71: =SUM(G71:T71) -> 1691.3 | AM71: =AVERAGE(AF71,AE71,AD71,AC71) -> 113.65 | AN71: =AVERAGE(X71,Z71) -> 128.73548 | AO71: 120.80714
A72: Urban | B72: 2014 | C72: December | D72: =TEXT(DATE(B72, MONTH(1&C72), 1), "mmm-yy") -> Dec-14 | E72: 41974 | F72: Pre covid | G72: 124 | H72: 124.7 | I72: 126.3 | J72: 124.9 | K72: 103 | L72: 122.3 | M72: 141 | N72: 120.1 | O72: 97.8 | P72: 125.4 | Q72: 116.1 | R72: 127.6 | S72: 124 | T72: 126.4 | U72: 120.7 | V72: 115.8 | W72: 120 | X72: 116.5 | Y72: 113 | Z72: 116.8 | AA72: 113.2 | AB72: 108.8 | AC72: 114.3 | AD72: 120.7 | AE72: 110.4 | AF72: 113.4 | AG72: 118.4 | AH72: =SUM(X72:AF72,G72:V72) -> 2967.2 | AI72: =SUM(AF72,AE72,AD72,AC72) -> 458.8 | AJ72: =SUM(V72,U72) -> 236.5 | AK72: =SUM(Z72,X72) -> 233.3 | AL72: =SUM(G72:T72) -> 1703.6 | AM72: =AVERAGE(AF72,AE72,AD72,AC72) -> 114.7 | AN72: =AVERAGE(X72,Z72) -> 116.65 | AO72: 121.68571
A73: Rural+Urban | B73: 2014 | C73: December | D73: =TEXT(DATE(B73, MONTH(1&C73), 1), "mmm-yy") -> Dec-14 | E73: 41974 | F73: Pre covid | G73: 122.9 | H73: 123.2 | I73: 123.5 | J73: 124.5 | K73: 107.6 | L73: 125.7 | M73: 140.5 | N73: 117.6 | O73: 100.6 | P73: 119.1 | Q73: 116.8 | R73: 126.1 | S73: 123.6 | T73: 123 | U73: 122.6 | V73: 118.6 | W73: 122 | X73: 116.5 | Y73: 115.7 | Z73: 117.5 | AA73: 115.1 | AB73: 110.1 | AC73: 113.9 | AD73: 119.5 | AE73: 109.8 | AF73: 113.8 | AG73: 119.4 | AH73: =SUM(X73:AF73,G73:V73) -> 2967.8 | AI73: =SUM(AF73,AE73,AD73,AC73) -> 457 | AJ73: =SUM(V73,U73) -> 241.2 | AK73: =SUM(Z73,X73) -> 234 | AL73: =SUM(G73:T73) -> 1694.7 | AM73: =AVERAGE(AF73,AE73,AD73,AC73) -> 114.25 | AN73: =AVERAGE(X73,Z73) -> 117 | AO73: 121.05
A74: Rural | B74: 2015 | C74: January | D74: =TEXT(DATE(B74, MONTH(1&C74), 1), "mmm-yy") -> Jan-15 | E74: 42005 | F74: Pre covid | G74: 123.1 | H74: 123.1 | I74: 122.1 | J74: 124.9 | K74: 111 | L74: 130.4 | M74: 132.3 | N74: 117.2 | O74: 100.5 | P74: 117.2 | Q74: 117.9 | R74: 125.6 | S74: 122.8 | T74: 122.7 | U74: 124.4 | V74: 121.6 | W74: 124 | X74: ='Handle missing value sheet only'!$C$1 -> 139.27097 | Y74: 118.4 | Z74: 118.9 | AA74: 116.6 | AB74: 111 | AC74: 114 | AD74: 118.2 | AE74: 110.2 | AF74: 114.5 | AG74: 120.3 | AH74: =SUM(X74:AF74,G74:V74) -> 2997.871 | AI74: =SUM(AF74,AE74,AD74,AC74) -> 456.9 | AJ74: =SUM(V74,U74) -> 246 | AK74: =SUM(Z74,X74) -> 258.17097 | AL74: =SUM(G74:T74) -> 1690.8 | AM74: =AVERAGE(AF74,AE74,AD74,AC74) -> 114.225 | AN74: =AVERAGE(X74,Z74) -> 129.08548 | AO74: 120.77143
A75: Urban | B75: 2015 | C75: January | D75: =TEXT(DATE(B75, MONTH(1&C75), 1), "mmm-yy") -> Jan-15 | E75: 42005 | F75: Pre covid | G75: 124 | H75: 125.5 | I75: 126.6 | J75: 125.2 | K75: 104.3 | L75: 121.3 | M75: 134.4 | N75: 122.9 | O75: 96.1 | P75: 126.6 | Q75: 116.5 | R75: 128 | S75: 123.5 | T75: 127.4 | U75: 121 | V75: 116.1 | W75: 120.2 | X75: 117.3 | Y75: 113.4 | Z75: 117.2 | AA75: 113.7 | AB75: 107.9 | AC75: 114.6 | AD75: 120.8 | AE75: 111.4 | AF75: 113.4 | AG75: 118.5 | AH75: =SUM(X75:AF75,G75:V75) -> 2969.1 | AI75: =SUM(AF75,AE75,AD75,AC75) -> 460.2 | AJ75: =SUM(V75,U75) -> 237.1 | AK75: =SUM(Z75,X75) -> 234.5 | AL75: =SUM(G75:T75) -> 1702.3 | AM75: =AVERAGE(AF75,AE75,AD75,AC75) -> 115.05 | AN75: =AVERAGE(X75,Z75) -> 117.25 | AO75: 121.59286
A76: Rural+Urban | B76: 2015 | C76: January | D76: =TEXT(DATE(B76, MONTH(1&C76), 1), "mmm-yy") -> Jan-15 | E76: 42005 | F76: Pre covid | G76: 123.4 | H76: 123.9 | I76: 123.8 | J76: 125 | K76: 108.5 | L76: 126.2 | M76: 133 | N76: 119.1 | O76: 99 | P76: 120.3 | Q76: 117.3 | R76: 126.7 | S76: 123.1 | T76: 124 | U76: 123.1 | V76: 119.3 | W76: 122.5 | X76: 117.3 | Y76: 116.5 | Z76: 118.1 | AA76: 115.5 | AB76: 109.4 | AC76: 114.3 | AD76: 119.7 | AE76: 110.7 | AF76: 114 | AG76: 119.5 | AH76: =SUM(X76:AF76,G76:V76) -> 2971.2 | AI76: =SUM(AF76,AE76,AD76,AC76) -> 458.7 | AJ76: =SUM(V76,U76) -> 242.4 | AK76: =SUM(Z76,X76) -> 235.4 | AL76: =SUM(G76:T76) -> 1693.3 | AM76: =AVERAGE(AF76,AE76,AD76,AC76) -> 114.675 | AN76: =AVERAGE(X76,Z76) -> 117.7 | AO76: 120.95
A77: Rural | B77: 2015 | C77: February | D77: =TEXT(DATE(B77, MONTH(1&C77), 1), "mmm-yy") -> Feb-15 | E77: 42036 | F77: Pre covid | G77: 123.4 | H77: 124.4 | I77: 122.1 | J77: 125.8 | K77: 111.5 | L77: 129.4 | M77: 128.2 | N77: 118.8 | O77: 100 | P77: 118.6 | Q77: 118.8 | R77: 126.8 | S77: 122.8 | T77: 124.2 | U77: 125.4 | V77: 122.7 | W77: 125 | X77: ='Handle missing value sheet only'!$C$1 -> 139.27097 | Y77: 120 | Z77: 119.6 | AA77: 117.7 | AB77: 110.9 | AC77: 114.8 | AD77: 118.7 | AE77: 110.8 | AF77: 115 | AG77: 120.6 | AH77: =SUM(X77:AF77,G77:V77) -> 3009.671 | AI77: =SUM(AF77,AE77,AD77,AC77) -> 459.3 | AJ77: =SUM(V77,U77) -> 248.1 | AK77: =SUM(Z77,X77) -> 258.87097 | AL77: =SUM(G77:T77) -> 1694.8 | AM77: =AVERAGE(AF77,AE77,AD77,AC77) -> 114.825 | AN77: =AVERAGE(X77,Z77) -> 129.43548 | AO77: 121.05714
A78: Urban | B78: 2015 | C78: February | D78: =TEXT(DATE(B78, MONTH(1&C78), 1), "mmm-yy") -> Feb-15 | E78: 42036 | F78: Pre covid | G78: 124.3 | H78: 126.5 | I78: 119.5 | J78: 125.6 | K78: 104.9 | L78: 121.6 | M78: 131.8 | N78: 125.1 | O78: 95 | P78: 127.7 | Q78: 116.8 | R78: 128.6 | S78: 123.7 | T78: 128.1 | U78: 121.3 | V78: 116.5 | W78: 120.6 | X78: 118.1 | Y78: 114 | Z78: 117.7 | AA78: 114.1 | AB78: 106.8 | AC78: 114.9 | AD78: 120.4 | AE78: 111.7 | AF78: 113.2 | AG78: 118.7 | AH78: =SUM(X78:AF78,G78:V78) -> 2967.9 | AI78: =SUM(AF78,AE78,AD78,AC78) -> 460.2 | AJ78: =SUM(V78,U78) -> 237.8 | AK78: =SUM(Z78,X78) -> 235.8 | AL78: =SUM(G78:T78) -> 1699.2 | AM78: =AVERAGE(AF78,AE78,AD78,AC78) -> 115.05 | AN78: =AVERAGE(X78,Z78) -> 117.9 | AO78: 121.37143
A79: Rural+Urban | B79: 2015 | C79: February | D79: =TEXT(DATE(B79, MONTH(1&C79), 1), "mmm-yy") -> Feb-15 | E79: 42036 | F79: Pre covid | G79: 123.7 | H79: 125.1 | I79: 121.1 | J79: 125.7 | K79: 109.1 | L79: 125.8 | M79: 129.4 | N79: 120.9 | O79: 98.3 | P79: 121.6 | Q79: 118 | R79: 127.6 | S79: 123.1 | T79: 125.2 | U79: 123.8 | V79: 120.1 | W79: 123.3 | X79: 118.1 | Y79: 117.7 | Z79: 118.7 | AA79: 116.3 | AB79: 108.7 | AC79: 114.9 | AD79: 119.7 | AE79: 111.2 | AF79: 114.1 | AG79: 119.7 | AH79: =SUM(X79:AF79,G79:V79) -> 2977.9 | AI79: =SUM(AF79,AE79,AD79,AC79) -> 459.9 | AJ79: =SUM(V79,U79) -> 243.9 | AK79: =SUM(Z79,X79) -> 236.8 | AL79: =SUM(G79:T79) -> 1694.6 | AM79: =AVERAGE(AF79,AE79,AD79,AC79) -> 114.975 | AN79: =AVERAGE(X79,Z79) -> 118.4 | AO79: 121.04286
A80: Rural | B80: 2015 | C80: March | D80: =TEXT(DATE(B80, MONTH(1&C80), 1), "mmm-yy") -> Mar-15 | E80: 42064 | F80: Pre covid | G80: 123.3 | H80: 124.7 | I80: 118.9 | J80: 126 | K80: 111.8 | L80: 130.9 | M80: 128 | N80: 119.9 | O80: 98.9 | P80: 119.4 | Q80: 118.9 | R80: 127.7 | S80: 123.1 | T80: 124.7 | U80: 126 | V80: 122.9 | W80: 125.5 | X80: ='Handle missing value sheet only'!$C$1 -> 139.27097 | Y80: 120.6 | Z80: 120.2 | AA80: 118.2 | AB80: 111.6 | AC80: 115.5 | AD80: 119.4 | AE80: 110.8 | AF80: 115.5 | AG80: 121.1 | AH80: =SUM(X80:AF80,G80:V80) -> 3016.171 | AI80: =SUM(AF80,AE80,AD80,AC80) -> 461.2 | AJ80: =SUM(V80,U80) -> 248.9 | AK80: =SUM(Z80,X80) -> 259.47097 | AL80: =SUM(G80:T80) -> 1696.2 | AM80: =AVERAGE(AF80,AE80,AD80,AC80) -> 115.3 | AN80: =AVERAGE(X80,Z80) -> 129.73548 | AO80: 121.15714
A81: Urban | B81: 2015 | C81: March | D81: =TEXT(DATE(B81, MONTH(1&C81), 1), "mmm-yy") -> Mar-15 | E81: 42064 | F81: Pre covid | G81: 124 | H81: 126.7 | I81: 113.5 | J81: 125.9 | K81: 104.8 | L81: 123.8 | M81: 131.4 | N81: 127.2 | O81: 93.2 | P81: 127.4 | Q81: 117 | R81: 129.2 | S81: 123.9 | T81: 128.8 | U81: 121.7 | V81: 116.9 | W81: 120.9 | X81: 118.6 | Y81: 114.4 | Z81: 118 | AA81: 114.3 | AB81: 108.4 | AC81: 115.4 | AD81: 120.6 | AE81: 111.3 | AF81: 113.8 | AG81: 119.1 | AH81: =SUM(X81:AF81,G81:V81) -> 2970.2 | AI81: =SUM(AF81,AE81,AD81,AC81) -> 461.1 | AJ81: =SUM(V81,U81) -> 238.6 | AK81: =SUM(Z81,X81) -> 236.6 | AL81: =SUM(G81:T81) -> 1696.8 | AM81: =AVERAGE(AF81,AE81,AD81,AC81) -> 115.275 | AN81: =AVERAGE(X81,Z81) -> 118.3 | AO81: 121.2
A82: Rural+Urban | B82: 2015 | C82: March | D82: =TEXT(DATE(B82, MONTH(1&C82), 1), "mmm-yy") -> Mar-15 | E82: 42064 | F82: Pre covid | G82: 123.5 | H82: 125.4 | I82: 116.8 | J82: 126 | K82: 109.2 | L82: 127.6 | M82: 129.2 | N82: 122.4 | O82: 97 | P82: 122.1 | Q82: 118.1 | R82: 128.4 | S82: 123.4 | T82: 125.8 | U82: 124.3 | V82: 120.4 | W82: 123.7 | X82: 118.6 | Y82: 118.3 | Z82: 119.2 | AA82: 116.7 | AB82: 109.9 | AC82: 115.4 | AD82: 120.1 | AE82: 111 | AF82: 114.7 | AG82: 120.2 | AH82: =SUM(X82:AF82,G82:V82) -> 2983.5 | AI82: =SUM(AF82,AE82,AD82,AC82) -> 461.2 | AJ82: =SUM(V82,U82) -> 244.7 | AK82: =SUM(Z82,X82) -> 237.8 | AL82: =SUM(G82:T82) -> 1694.9 | AM82: =AVERAGE(AF82,AE82,AD82,AC82) -> 115.3 | AN82: =AVERAGE(X82,Z82) -> 118.9 | AO82: 121.06429
A83: Rural | B83: 2015 | C83: April | D83: =TEXT(DATE(B83, MONTH(1&C83), 1), "mmm-yy") -> Apr-15 | E83: 42095 | F83: Pre covid | G83: 123.3 | H83: 125.5 | I83: 117.2 | J83: 126.8 | K83: 111.9 | L83: 134.2 | M83: 127.5 | N83: 121.5 | O83: 97.8 | P83: 119.8 | Q83: 119.4 | R83: 128.7 | S83: 123.6 | T83: 125.7 | U83: 126.4 | V83: 123.3 | W83: 126 | X83: ='Handle missing value sheet only'!$C$1 -> 139.27097 | Y83: 121.2 | Z83: 120.9 | AA83: 118.6 | AB83: 111.9 | AC83: 116.2 | AD83: 119.9 | AE83: 111.6 | AF83: 116 | AG83: 121.5 | AH83: =SUM(X83:AF83,G83:V83) -> 3028.171 | AI83: =SUM(AF83,AE83,AD83,AC83) -> 463.7 | AJ83: =SUM(V83,U83) -> 249.7 | AK83: =SUM(Z83,X83) -> 260.17097 | AL83: =SUM(G83:T83) -> 1702.9 | AM83: =AVERAGE(AF83,AE83,AD83,AC83) -> 115.925 | AN83: =AVERAGE(X83,Z83) -> 130.08548 | AO83: 121.63571
A84: Urban | B84: 2015 | C84: April | D84: =TEXT(DATE(B84, MONTH(1&C84), 1), "mmm-yy") -> Apr-15 | E84: 42095 | F84: Pre covid | G84: 123.8 | H84: 128.2 | I84: 110 | J84: 126.3 | K84: 104.5 | L84: 130.6 | M84: 130.8 | N84: 131.3 | O84: 91.6 | P84: 127.7 | Q84: 117.2 | R84: 129.5 | S84: 124.6 | T84: 130.1 | U84: 122.1 | V84: 117.2 | W84: 121.3 | X84: 119.2 | Y84: 114.7 | Z84: 118.4 | AA84: 114.6 | AB84: 108.4 | AC84: 115.6 | AD84: 121.7 | AE84: 111.8 | AF84: 114.2 | AG84: 119.7 | AH84: =SUM(X84:AF84,G84:V84) -> 2984.1 | AI84: =SUM(AF84,AE84,AD84,AC84) -> 463.3 | AJ84: =SUM(V84,U84) -> 239.3 | AK84: =SUM(Z84,X84) -> 237.6 | AL84: =SUM(G84:T84) -> 1706.2 | AM84: =AVERAGE(AF84,AE84,AD84,AC84) -> 115.825 | AN84: =AVERAGE(X84,Z84) -> 118.8 | AO84: 121.87143
A85: Rural+Urban | B85: 2015 | C85: April | D85: =TEXT(DATE(B85, MONTH(1&C85), 1), "mmm-yy") -> Apr-15 | E85: 42095 | F85: Pre covid | G85: 123.5 | H85: 126.4 | I85: 114.4 | J85: 126.6 | K85: 109.2 | L85: 132.5 | M85: 128.6 | N85: 124.8 | O85: 95.7 | P85: 122.4 | Q85: 118.5 | R85: 129.1 | S85: 124 | T85: 126.9 | U85: 124.7 | V85: 120.8 | W85: 124.1 | X85: 119.2 | Y85: 118.7 | Z85: 119.7 | AA85: 117.1 | AB85: 110.1 | AC85: 115.9 | AD85: 121 | AE85: 111.7 | AF85: 115.1 | AG85: 120.7 | AH85: =SUM(X85:AF85,G85:V85) -> 2996.6 | AI85: =SUM(AF85,AE85,AD85,AC85) -> 463.7 | AJ85: =SUM(V85,U85) -> 245.5 | AK85: =SUM(Z85,X85) -> 238.9 | AL85: =SUM(G85:T85) -> 1702.6 | AM85: =AVERAGE(AF85,AE85,AD85,AC85) -> 115.925 | AN85: =AVERAGE(X85,Z85) -> 119.45 | AO85: 121.61429
A86: Rural | B86: 2015 | C86: May | D86: =TEXT(DATE(B86, MONTH(1&C86), 1), "mmm-yy") -> May-15 | E86: 42125 | F86: Pre covid | G86: 123.5 | H86: 127.1 | I86: 117.3 | J86: 127.7 | K86: 112.5 | L86: 134.1 | M86: 128.5 | N86: 124.3 | O86: 97.6 | P86: 120.7 | Q86: 120.2 | R86: 129.8 | S86: 124.4 | T86: 126.7 | U86: 127.3 | V86: 124.1 | W86: 126.8 | X86: ='Handle missing value sheet only'!$C$1 -> 139.27097 | Y86: 121.9 | Z86: 121.5 | AA86: 119.4 | AB86: 113.3 | AC86: 116.7 | AD86: 120.5 | AE86: 112.3 | AF86: 116.9 | AG86: 122.4 | AH86: =SUM(X86:AF86,G86:V86) -> 3047.571 | AI86: =SUM(AF86,AE86,AD86,AC86) -> 466.4 | AJ86: =SUM(V86,U86) -> 251.4 | AK86: =SUM(Z86,X86) -> 260.77097 | AL86: =SUM(G86:T86) -> 1714.4 | AM86: =AVERAGE(AF86,AE86,AD86,AC86) -> 116.6 | AN86: =AVERAGE(X86,Z86) -> 130.38548 | AO86: 122.45714
A87: Urban | B87: 2015 | C87: May | D87: =TEXT(DATE(B87, MONTH(1&C87), 1), "mmm-yy") -> May-15 | E87: 42125 | F87: Pre covid | G87: 123.8 | H87: 129.7 | I87: 111.3 | J87: 126.6 | K87: 105.2 | L87: 130.8 | M87: 135.6 | N87: 142.6 | O87: 90.8 | P87: 128.8 | Q87: 117.7 | R87: 129.9 | S87: 126.1 | T87: 131.3 | U87: 122.4 | V87: 117.4 | W87: 121.6 | X87: 119.6 | Y87: 114.9 | Z87: 118.7 | AA87: 114.9 | AB87: 110.8 | AC87: 116 | AD87: 122 | AE87: 112.4 | AF87: 115.2 | AG87: 120.7 | AH87: =SUM(X87:AF87,G87:V87) -> 3014.5 | AI87: =SUM(AF87,AE87,AD87,AC87) -> 465.6 | AJ87: =SUM(V87,U87) -> 239.8 | AK87: =SUM(Z87,X87) -> 238.3 | AL87: =SUM(G87:T87) -> 1730.2 | AM87: =AVERAGE(AF87,AE87,AD87,AC87) -> 116.4 | AN87: =AVERAGE(X87,Z87) -> 119.15 | AO87: 123.58571
A88: Rural+Urban | B88: 2015 | C88: May | D88: =TEXT(DATE(B88, MONTH(1&C88), 1), "mmm-yy") -> May-15 | E88: 42125 | F88: Pre covid | G88: 123.6 | H88: 128 | I88: 115 | J88: 127.3 | K88: 109.8 | L88: 132.6 | M88: 130.9 | N88: 130.5 | O88: 95.3 | P88: 123.4 | Q88: 119.2 | R88: 129.8 | S88: 125 | T88: 127.9 | U88: 125.4 | V88: 121.3 | W88: 124.7 | X88: 119.6 | Y88: 119.2 | Z88: 120.2 | AA88: 117.7 | AB88: 112 | AC88: 116.3 | AD88: 121.4 | AE88: 112.3 | AF88: 116.1 | AG88: 121.6 | AH88: =SUM(X88:AF88,G88:V88) -> 3019.8 | AI88: =SUM(AF88,AE88,AD88,AC88) -> 466.1 | AJ88: =SUM(V88,U88) -> 246.7 | AK88: =SUM(Z88,X88) -> 239.8 | AL88: =SUM(G88:T88) -> 1718.3 | AM88: =AVERAGE(AF88,AE88,AD88,AC88) -> 116.525 | AN88: =AVERAGE(X88,Z88) -> 119.9 | AO88: 122.73571
A89: Rural | B89: 2015 | C89: June | D89: =TEXT(DATE(B89, MONTH(1&C89), 1), "mmm-yy") -> Jun-15 | E89: 42156 | F89: Pre covid | G89: 124.1 | H89: 130.4 | I89: 122.1 | J89: 128.7 | K89: 114.1 | L89: 133.2 | M89: 135.2 | N89: 131.9 | O89: 96.3 | P89: 123 | Q89: 121.1 | R89: 131.2 | S89: 126.6 | T89: 128.2 | U89: 128.4 | V89: 125.1 | W89: 128 | X89: ='Handle missing value sheet only'!$C$1 -> 139.27097 | Y89: 122.6 | Z89: 122.8 | AA89: 120.4 | AB89: 114.2 | AC89: 117.9 | AD89: 122 | AE89: 113 | AF89: 117.9 | AG89: 124.1 | AH89: =SUM(X89:AF89,G89:V89) -> 3089.671 | AI89: =SUM(AF89,AE89,AD89,AC89) -> 470.8 | AJ89: =SUM(V89,U89) -> 253.5 | AK89: =SUM(Z89,X89) -> 262.07097 | AL89: =SUM(G89:T89) -> 1746.1 | AM89: =AVERAGE(AF89,AE89,AD89,AC89) -> 117.7 | AN89: =AVERAGE(X89,Z89) -> 131.03548 | AO89: 124.72143
A90: Urban | B90: 2015 | C90: June | D90: =TEXT(DATE(B90, MONTH(1&C90), 1), "mmm-yy") -> Jun-15 | E90: 42156 | F90: Pre covid | G90: 123.6 | H90: 134.4 | I90: 120.9 | J90: 127.3 | K90: 106 | L90: 132.3 | M90: 146.7 | N90: 148.1 | O90: 89.8 | P90: 130.5 | Q90: 118 | R90: 130.5 | S90: 128.5 | T90: 132.1 | U90: 123.2 | V90: 117.6 | W90: 122.3 | X90: 119 | Y90: 115.1 | Z90: 119.2 | AA90: 115.4 | AB90: 111.7 | AC90: 116.2 | AD90: 123.8 | AE90: 112.5 | AF90: 116 | AG90: 121.7 | AH90: =SUM(X90:AF90,G90:V90) -> 3058.4 | AI90: =SUM(AF90,AE90,AD90,AC90) -> 468.5 | AJ90: =SUM(V90,U90) -> 240.8 | AK90: =SUM(Z90,X90) -> 238.2 | AL90: =SUM(G90:T90) -> 1768.7 | AM90: =AVERAGE(AF90,AE90,AD90,AC90) -> 117.125 | AN90: =AVERAGE(X90,Z90) -> 119.1 | AO90: 126.33571
A91: Rural+Urban | B91: 2015 | C91: June | D91: =TEXT(DATE(B91, MONTH(1&C91), 1), "mmm-yy") -> Jun-15 | E91: 42156 | F91: Pre covid | G91: 123.9 | H91: 131.8 | I91: 121.6 | J91: 128.2 | K91: 111.1 | L91: 132.8 | M91: 139.1 | N91: 137.4 | O91: 94.1 | P91: 125.5 | Q91: 119.8 | R91: 130.9 | S91: 127.3 | T91: 129.2 | U91: 126.4 | V91: 122 | W91: 125.7 | X91: 119 | Y91: 119.8 | Z91: 121.1 | AA91: 118.5 | AB91: 112.9 | AC91: 116.9 | AD91: 123.1 | AE91: 112.8 | AF91: 117 | AG91: 123 | AH91: =SUM(X91:AF91,G91:V91) -> 3062.2 | AI91: =SUM(AF91,AE91,AD91,AC91) -> 469.8 | AJ91: =SUM(V91,U91) -> 248.4 | AK91: =SUM(Z91,X91) -> 240.1 | AL91: =SUM(G91:T91) -> 1752.7 | AM91: =AVERAGE(AF91,AE91,AD91,AC91) -> 117.45 | AN91: =AVERAGE(X91,Z91) -> 120.05 | AO91: 125.19286
A92: Rural | B92: 2015 | C92: July | D92: =TEXT(DATE(B92, MONTH(1&C92), 1), "mmm-yy") -> Jul-15 | E92: 42186 | F92: Pre covid | G92: 124 | H92: 131.5 | I92: 122 | J92: 128.7 | K92: 113.5 | L92: 133.3 | M92: 140.8 | N92: 133.8 | O92: 94.1 | P92: 123.4 | Q92: 121 | R92: 131.7 | S92: 127.5 | T92: 129.4 | U92: 128.8 | V92: 125.5 | W92: 128.3 | X92: ='Handle missing value sheet only'!$C$1 -> 139.27097 | Y92: 123 | Z92: 123 | AA92: 120.8 | AB92: 114.1 | AC92: 118 | AD92: 122.9 | AE92: 112.7 | AF92: 118.1 | AG92: 124.7 | AH92: =SUM(X92:AF92,G92:V92) -> 3100.871 | AI92: =SUM(AF92,AE92,AD92,AC92) -> 471.7 | AJ92: =SUM(V92,U92) -> 254.3 | AK92: =SUM(Z92,X92) -> 262.27097 | AL92: =SUM(G92:T92) -> 1754.7 | AM92: =AVERAGE(AF92,AE92,AD92,AC92) -> 117.925 | AN92: =AVERAGE(X92,Z92) -> 131.13548 | AO92: 125.33571
A93: Urban | B93: 2015 | C93: July | D93: =TEXT(DATE(B93, MONTH(1&C93), 1), "mmm-yy") -> Jul-15 | E93: 42186 | F93: Pre covid | G93: 123.2 | H93: 134.3 | I93: 119.5 | J93: 127.7 | K93: 106.3 | L93: 132.8 | M93: 153.5 | N93: 149.5 | O93: 85.7 | P93: 131.5 | Q93: 118.3 | R93: 131.1 | S93: 129.5 | T93: 133.1 | U93: 123.5 | V93: 117.9 | W93: 122.7 | X93: 119.9 | Y93: 115.3 | Z93: 119.5 | AA93: 116 | AB93: 111.5 | AC93: 116.6 | AD93: 125.4 | AE93: 111.7 | AF93: 116.3 | AG93: 122.4 | AH93: =SUM(X93:AF93,G93:V93) -> 3069.6 | AI93: =SUM(AF93,AE93,AD93,AC93) -> 470 | AJ93: =SUM(V93,U93) -> 241.4 | AK93: =SUM(Z93,X93) -> 239.4 | AL93: =SUM(G93:T93) -> 1776 | AM93: =AVERAGE(AF93,AE93,AD93,AC93) -> 117.5 | AN93: =AVERAGE(X93,Z93) -> 119.7 | AO93: 126.85714
A94: Rural+Urban | B94: 2015 | C94: July | D94: =TEXT(DATE(B94, MONTH(1&C94), 1), "mmm-yy") -> Jul-15 | E94: 42186 | F94: Pre covid | G94: 123.7 | H94: 132.5 | I94: 121 | J94: 128.3 | K94: 110.9 | L94: 133.1 | M94: 145.1 | N94: 139.1 | O94: 91.3 | P94: 126.1 | Q94: 119.9 | R94: 131.4 | S94: 128.2 | T94: 130.4 | U94: 126.7 | V94: 122.3 | W94: 126.1 | X94: 119.9 | Y94: 120.1 | Z94: 121.3 | AA94: 119 | AB94: 112.7 | AC94: 117.2 | AD94: 124.4 | AE94: 112.3 | AF94: 117.2 | AG94: 123.6 | AH94: =SUM(X94:AF94,G94:V94) -> 3074.1 | AI94: =SUM(AF94,AE94,AD94,AC94) -> 471.1 | AJ94: =SUM(V94,U94) -> 249 | AK94: =SUM(Z94,X94) -> 241.2 | AL94: =SUM(G94:T94) -> 1761 | AM94: =AVERAGE(AF94,AE94,AD94,AC94) -> 117.775 | AN94: =AVERAGE(X94,Z94) -> 120.6 | AO94: 125.78571
A95: Rural | B95: 2015 | C95: August | D95: =TEXT(DATE(B95, MONTH(1&C95), 1), "mmm-yy") -> Aug-15 | E95: 42217 | F95: Pre covid | G95: 124.7 | H95: 131.3 | I95: 121.3 | J95: 128.8 | K95: 114 | L95: 134.2 | M95: 153.6 | N95: 137.9 | O95: 93.1 | P95: 123.9 | Q95: 121.5 | R95: 132.5 | S95: 129.8 | T95: 130.1 | U95: 129.5 | V95: 126.3 | W95: 129 | X95: ='Handle missing value sheet only'!$C$1 -> 139.27097 | Y95: 123.8 | Z95: 123.7 | AA95: 121.1 | AB95: 113.6 | AC95: 118.5 | AD95: 123.6 | AE95: 112.5 | AF95: 118.2 | AG95: 126.1 | AH95: =SUM(X95:AF95,G95:V95) -> 3126.771 | AI95: =SUM(AF95,AE95,AD95,AC95) -> 472.8 | AJ95: =SUM(V95,U95) -> 255.8 | AK95: =SUM(Z95,X95) -> 262.97097 | AL95: =SUM(G95:T95) -> 1776.7 | AM95: =AVERAGE(AF95,AE95,AD95,AC95) -> 118.2 | AN95: =AVERAGE(X95,Z95) -> 131.48548 | AO95: 126.90714
A96: Urban | B96: 2015 | C96: August | D96: =TEXT(DATE(B96, MONTH(1&C96), 1), "mmm-yy") -> Aug-15 | E96: 42217 | F96: Pre covid | G96: 123.1 | H96: 131.7 | I96: 118.1 | J96: 128 | K96: 106.8 | L96: 130.1 | M96: 165.5 | N96: 156 | O96: 85.3 | P96: 132.7 | Q96: 118.8 | R96: 131.7 | S96: 131.1 | T96: 134.2 | U96: 123.7 | V96: 118.2 | W96: 122.9 | X96: 120.9 | Y96: 115.3 | Z96: 120 | AA96: 116.6 | AB96: 109.9 | AC96: 117.2 | AD96: 126.2 | AE96: 112 | AF96: 116.2 | AG96: 123.2 | AH96: =SUM(X96:AF96,G96:V96) -> 3089.3 | AI96: =SUM(AF96,AE96,AD96,AC96) -> 471.6 | AJ96: =SUM(V96,U96) -> 241.9 | AK96: =SUM(Z96,X96) -> 240.9 | AL96: =SUM(G96:T96) -> 1793.1 | AM96: =AVERAGE(AF96,AE96,AD96,AC96) -> 117.9 | AN96: =AVERAGE(X96,Z96) -> 120.45 | AO96: 128.07857
A97: Rural+Urban | B97: 2015 | C97: August | D97: =TEXT(DATE(B97, MONTH(1&C97), 1), "mmm-yy") -> Aug-15 | E97: 42217 | F97: Pre covid | G97: 124.2 | H97: 131.4 | I97: 120.1 | J97: 128.5 | K97: 111.4 | L97: 132.3 | M97: 157.6 | N97: 144 | O97: 90.5 | P97: 126.8 | Q97: 120.4 | R97: 132.1 | S97: 130.3 | T97: 131.2 | U97: 127.2 | V97: 122.9 | W97: 126.6 | X97: 120.9 | Y97: 120.6 | Z97: 122 | AA97: 119.4 | AB97: 111.7 | AC97: 117.8 | AD97: 125.1 | AE97: 112.3 | AF97: 117.2 | AG97: 124.8 | AH97: =SUM(X97:AF97,G97:V97) -> 3097.9 | AI97: =SUM(AF97,AE97,AD97,AC97) -> 472.4 | AJ97: =SUM(V97,U97) -> 250.1 | AK97: =SUM(Z97,X97) -> 242.9 | AL97: =SUM(G97:T97) -> 1780.8 | AM97: =AVERAGE(AF97,AE97,AD97,AC97) -> 118.1 | AN97: =AVERAGE(X97,Z97) -> 121.45 | AO97: 127.2
A98: Rural | B98: 2015 | C98: September | D98: =TEXT(DATE(B98, MONTH(1&C98), 1), "mmm-yy") -> Sep-15 | E98: 42248 | F98: Pre covid | G98: 125.1 | H98: 131.1 | I98: 120.7 | J98: 129.2 | K98: 114.7 | L98: 132.3 | M98: 158.9 | N98: 142.1 | O98: 92.5 | P98: 125.4 | Q98: 121.9 | R98: 132.7 | S98: 131 | T98: 131 | U98: 130.4 | V98: 126.8 | W98: 129.9 | X98: ='Handle missing value sheet only'!$C$1 -> 139.27097 | Y98: 123.7 | Z98: 124.5 | AA98: 121.4 | AB98: 113.8 | AC98: 119.6 | AD98: 124.5 | AE98: 113.7 | AF98: 118.8 | AG98: 127 | AH98: =SUM(X98:AF98,G98:V98) -> 3145.071 | AI98: =SUM(AF98,AE98,AD98,AC98) -> 476.6 | AJ98: =SUM(V98,U98) -> 257.2 | AK98: =SUM(Z98,X98) -> 263.77097 | AL98: =SUM(G98:T98) -> 1788.6 | AM98: =AVERAGE(AF98,AE98,AD98,AC98) -> 119.15 | AN98: =AVERAGE(X98,Z98) -> 131.88548 | AO98: 127.75714
A99: Urban | B99: 2015 | C99: September | D99: =TEXT(DATE(B99, MONTH(1&C99), 1), "mmm-yy") -> Sep-15 | E99: 42248 | F99: Pre covid | G99: 123.4 | H99: 129 | I99: 115.6 | J99: 128.3 | K99: 107 | L99: 124 | M99: 168.5 | N99: 165.4 | O99: 86.3 | P99: 134.4 | Q99: 119.1 | R99: 132.3 | S99: 131.5 | T99: 134.7 | U99: 124 | V99: 118.6 | W99: 123.2 | X99: 121.6 | Y99: 115.1 | Z99: 120.4 | AA99: 117.1 | AB99: 109.1 | AC99: 117.3 | AD99: 126.5 | AE99: 112.9 | AF99: 116.2 | AG99: 123.5 | AH99: =SUM(X99:AF99,G99:V99) -> 3098.3 | AI99: =SUM(AF99,AE99,AD99,AC99) -> 472.9 | AJ99: =SUM(V99,U99) -> 242.6 | AK99: =SUM(Z99,X99) -> 242 | AL99: =SUM(G99:T99) -> 1799.5 | AM99: =AVERAGE(AF99,AE99,AD99,AC99) -> 118.225 | AN99: =AVERAGE(X99,Z99) -> 121 | AO99: 128.53571
A100: Rural+Urban | B100: 2015 | C100: September | D100: =TEXT(DATE(B100, MONTH(1&C100), 1), "mmm-yy") -> Sep-15 | E100: 42248 | F100: Pre covid | G100: 124.6 | H100: 130.4 | I100: 118.7 | J100: 128.9 | K100: 111.9 | L100: 128.4 | M100: 162.2 | N100: 150 | O100: 90.4 | P100: 128.4 | Q100: 120.7 | R100: 132.5 | S100: 131.2 | T100: 132 | U100: 127.9 | V100: 123.4 | W100: 127.2 | X100: 121.6 | Y100: 120.4 | Z100: 122.6 | AA100: 119.8 | AB100: 111.3 | AC100: 118.3 | AD100: 125.7 | AE100: 113.4 | AF100: 117.5 | AG100: 125.4 | AH100: =SUM(X100:AF100,G100:V100) -> 3112.2 | AI100: =SUM(AF100,AE100,AD100,AC100) -> 474.9 | AJ100: =SUM(V100,U100) -> 251.3 | AK100: =SUM(Z100,X100) -> 244.2 | AL100: =SUM(G100:T100) -> 1790.3 | AM100: =AVERAGE(AF100,AE100,AD100,AC100) -> 118.725 | AN100: =AVERAGE(X100,Z100) -> 122.1 | AO100: 127.87857
...

Sheet Problem statement 
A1: Problem 1
O4: Impact of Global Oil Price Fluctuations: A strong positive correlation is observed between imported crude oil prices and prices in sub catagories
A5: 1. Based on the latest month’s data, identify the contribution of different broader categories (food, energy, transportation, education, etc.) towards the CPI basket. Broader categories (buckets) can be created by combining similar categories into one bucket; Ex.: Meals, Beverages, Cereals, can be clubbed to create “Food” category, etc.
A7: Which broader category has the highest contribution towards CPI calculation
A9: Contribution is calculated by evaluating the underlying index values for broader category and should add to 100% when contribution from different broader categories are added.
A10: Problem 2
A14: 2. A trend of Y-o-Y increase in CPI (rural + urban) inflation starting 2017 for the entire basket of products combined.
A16: ◦ Create a graph depicting the growth rate Y-o-Y and identify the year with highest inflation rate
A18: ◦ Highlight the reason why the year has the highest inflation (based on research).
A19: Problem 3
A23: 3. With India's retail inflation reaching a 3-month high of 5.55% in November 2023, largely due to a sharp rise in food prices. Analyze the following for 12 months ending May'23
A25: Investigate trends in the prices of broader food bucket category and evaluate month-on-month changes. Highlight month with highest and lowest food inflation
A27: Identify the absolute changes in inflation over the same 12 months period and identify the biggest individual category contributor (only within broader food category) towards inflation
A28: Problem 4
... A44: Identify trends in oil price change with change in inflation prices of all the categories and identify category whose inflation prices strongly changes with fluctuations in imported oil price (Hint: you can use =CORREL function).

Sheet Data Dictionary 
A1: Glossary | C1: Remark
B2: include of sum this
A3: Food expense | B3: Cereals and products
B4: Meat and fish
B5: Egg
B6: Milk and products
B7: Oils and fats
B8: Fruits
B9: Vegetables
B10: Pulses and products
B11: Sugar and Confectionery
B12: Spices
B13: Non-alcoholic beverages
B14: Prepared meals, snacks, sweets etc.
B15: Food and beverages
B16: Pan, tobacco and intoxicants
A18: Housing expences | B18: include sum of
B19: Housing | C19: handle missing value
B20: Household goods and services
A22: clothing | B22: Include only
B23: Clothing and footwear
A25: fuel and light | B25: sum of
B26: Fuel and light | C26: handle blanks
A28: Health | B28: include
B29: Health
A31: Transport and communication | B31: include of
B32: Transport and communication
A34: Others | B34: sum of
B35: Recreation and amusement
B36: Personal care and effects
B37: Miscellaneous
B38: Education
A39: General Index | B39: avg of total expences

Sheet Handle missing value sheet only
A1: Housing | B1: mean | C1: =AVERAGE(A2:A373) -> 139.27097
A2: 139.3 | B2: median | C2: =MEDIAN(A2:A373) -> 139.3
A3: 100.3 | B3: standaed | C3: =STDEV(A2:A373) -> 17.19329
A4: 100.3
A5: 139.3
A6: 100.4
A7: 100.4
A8: 139.3
A9: 100.4
A10: 100.4
A11: 139.3
A12: 100.5
A13: 100.5
A14: 139.3
A15: 100.5
... A373: 175.6

Sheet Solution 1
A1: Sector | B1: Year | C1: Month | D1: date | E1: Pre/Post Covid | F1: Cereals and products | G1: Meat and fish | H1: Egg | I1: Milk and products | J1: Oils and fats | K1: Fruits | L1: Vegetables | M1: Pulses and products | N1: Sugar and Confectionery | O1: Spices | P1: Non-alcoholic beverages | Q1: Prepared meals, snacks, sweets etc. | R1: Food and beverages | S1: Pan, tobacco and intoxicants | T1: Clothing | U1: Footwear | V1: Clothing and footwear | W1: Housing | X1: Fuel and light | Y1: Household goods and services | Z1: Health | AA1: Transport and communication | AB1: Recreation and amusement | AC1: Education | AD1: Personal care and effects | AE1: Miscellaneous | AF1: General index | AG1: Total Expences | AH1: sum of others | AI1: sum of clothing | AJ1: Sum Housing Exepences | AK1: Sum of food expences | AL1: Average Other Expences | AM1: Average Housing Expences | AN1: Average Food Expences
A2: Rural | B2: 2023 | C2: May | D2: 45047 | E2: Post covid | F2: 173.2 | G2: 211.5 | H2: 171 | I2: 179.6 | J2: 173.3 | K2: 169 | L2: 148.7 | M2: 174.9 | N2: 121.9 | O2: 221 | P2: 178.7 | Q2: 191.1 | R2: 176.8 | S2: 199.9 | T2: 191.2 | U2: 187.9 | V2: 190.8 | W2: 139.27097 | X2: 182.5 | Y2: 179.8 | Z2: 187.8 | AA2: 169.7 | AB2: 173.8 | AC2: 180.3 | AD2: 184.9 | AE2: 179.5 | AF2: 179.8 | AG2: 4447.271 | AH2: 718.5 | AI2: 379.1 | AJ2: 319.07097 | AK2: 2490.6 | AL2: 179.625 | AM2: 159.53548 | AN2: 177.9
A3: Urban | B3: 2023 | C3: May | D3: 45047 | E3: Post covid | F3: 174.7 | G3: 219.4 | H3: 176.7 | I3: 179.4 | J3: 164.4 | K3: 175.8 | L3: 185 | M3: 176.9 | N3: 124.2 | O3: 211.9 | P3: 165.9 | Q3: 197.7 | R3: 183.1 | S3: 204.2 | T3: 181.3 | U3: 168.1 | V3: 179.3 | W3: 175.6 | X3: 183.4 | Y3: 170.1 | Z3: 182.2 | AA3: 160.4 | AB3: 169.2 | AC3: 174.8 | AD3: 185.6 | AE3: 171.6 | AF3: 178.2 | AG3: 4461.6 | AH3: 701.2 | AI3: 349.4 | AJ3: 345.7 | AK3: 2539.3 | AL3: 175.3 | AM3: 172.85 | AN3: 181.37857
A4: Rural+Urban | B4: 2023 | C4: May | D4: 45047 | E4: Post covid | F4: 173.7 | G4: 214.3 | H4: 173.2 | I4: 179.5 | J4: 170 | K4: 172.2 | L4: 161 | M4: 175.6 | N4: 122.7 | O4: 218 | P4: 173.4 | Q4: 194.2 | R4: 179.1 | S4: 201 | T4: 187.3 | U4: 179.7 | V4: 186.2 | W4: 175.6 | X4: 182.8 | Y4: 175.2 | Z4: 185.7 | AA4: 164.8 | AB4: 171.2 | AC4: 177.1 | AD4: 185.2 | AE4: 175.7 | AF4: 179.1 | AG4: 4468.2 | AH4: 709.2 | AI4: 367 | AJ4: 350.8 | AK4: 2507.9 | AL4: 177.3 | AM4: 175.4 | AN4: 179.13571
F15: R+U | G15: Precentage | H15: Rural | I15: Precentage | J15: Urban | K15: Precentage
E16: Fuel and light | F16: 182.8 | G16: =F16/$F$23 -> 0.040909498 | H16: 182.5 | I16: =H16/$H$23 -> 0.041036134 | J16: 183.4 | K16: =J16/$J$23 -> 0.04110633
E17: Health | F17: 185.7 | G17: =F17/$F$23 -> 0.0415585 | H17: 187.8 | I17: =H17/$H$23 -> 0.042227869 | J17: 182.2 | K17: =J17/$J$23 -> 0.040837368
E18: Transport and communication | F18: 164.8 | G18: =F18/$F$23 -> 0.03688121 | H18: 169.7 | I18: =H18/$H$23 -> 0.038157983 | J18: 160.4 | K18: =J18/$J$23 -> 0.035951228
E19: sum of others | F19: 709.2 | G19: =F19/$F$23 -> 0.15871453 | H19: 718.5 | I19: =H19/$H$23 -> 0.1615587 | J19: 701.2 | K19: =J19/$J$23 -> 0.15716335
E20: sum of clothing | F20: 367 | G20: =F20/$F$23 -> 0.082132307 | H20: 379.1 | I20: =H20/$H$23 -> 0.085242732 | J20: 349.4 | K20: =J20/$J$23 -> 0.078312713
E21: Sum Housing Exepences | F21: 350.8 | G21: =F21/$F$23 -> 0.078506848 | H21: 319.07097 | I21: =H21/$H$23 -> 0.071744872 | J21: 345.7 | K21: =J21/$J$23 -> 0.077483414
E22: Sum of food expences | F22: 2507.9 | G22: =F22/$F$23 -> 0.56125235 | H22: 2490.6 | I22: =H22/$H$23 -> 0.56002518 | J22: 2539.3 | K22: =J22/$J$23 -> 0.5691456
E23: Total Expences | F23: 4468.4 | G23: =F23/$F$23 -> 1 | H23: 4447.3 | I23: =H23/$H$23 -> 1 | J23: 4461.6 | K23: =J23/$J$23 -> 1

Sheet Solution 2 
A2: Sector | B2: Rural+Urban
B4: Values
A5: Year | B5: Average of Average Food Expences | C5: Average of Fuel and light | D5: Average of Health
A6: 2021 | B6: 165.04881 | C6: 159.05833 | D6: 165.84167
A7: 2022 | B7: 174.14048 | C7: 175.13333 | D7: 175.925
A8: Grand Total | B8: 169.59464 | C8: 167.09583 | D8: 170.88333
A19: Sector | B19: Rural+Urban
A21: Average of General index
A22: Year | B22: Total
A23: 2017 | B23: 133.5
A24: 2018 | B24: 138.775
A25: 2019 | B25: 144.18182
A26: 2020 | B26: 153.38
A27: 2021 | B27: 161.45833
A28: 2022 | B28: 172.15
A29: 2023 | B29: 177.62
A30: Grand Total | B30: 152.41216
A35: Year | B35: Total | C35: % inflation
A36: 2017 | B36: 133.5
A37: 2018 | B37: 138.775 | C37: =(B37-B36)/B36 -> 0.039513109
A38: 2019 | B38: 144.18182 | C38: =(B38-B37)/B37 -> 0.038961039
A39: 2020 | B39: 153.38 | C39: =(B39-B38)/B38 -> 0.063795712
A40: 2021 | B40: 161.45833 | C40: =(B40-B39)/B39 -> 0.052668753
A41: 2022 | B41: 172.15 | C41: =(B41-B40)/B40 -> 0.066219355
A42: 2023 | B42: 177.62 | C42: =(B42-B41)/B41 -> 0.031774615

Sheet solution 3 
A1: Sector | B1: Year | C1: Month | D1: short month and year | E1: date | F1: Pre/Post Covid | G1: Cereals and products | H1: % change of cereals and product | I1: Meat and fish | J1: % change of meat | K1: Egg | L1: % change of egg | M1: Milk and products | N1: % change of milk and product | O1: Oils and fats | P1: % change of oil and fats | Q1: Fruits | R1: % change of fruits | S1: Vegetables | T1: % change of vegetable | U1: Pulses and products | V1: % change of pulses and products | W1: Sugar and Confectionery | X1: % change of sugar and conf | Y1: Spices | Z1: % change of spices | AA1: Non-alcoholic beverages | AB1: % change of non alcohol | AC1: Prepared meals, snacks, sweets etc. | AD1: % change of prepared | AE1: Food and beverages | AF1: % change of food and beverage | AG1: Pan, tobacco and intoxicants | AH1: % change of pan ,tobacoo | AI1: Clothing | AJ1: Footwear | AK1: Clothing and footwear | AL1: Housing | AM1: Fuel and light | AN1: Household goods and services | AO1: Health | AP1: Transport and communication | AQ1: Recreation and amusement | AR1: Education | AS1: Personal care and effects | AT1: Miscellaneous | AU1: General index | AV1: Total Expences | AW1: sum of others | AX1: sum of clothing | AY1: Sum Housing Exepences | AZ1: Sum of food expences | BA1: Average Other Expences | BB1: Average Housing Expences | BC1: Average Food Expences | BD1: Mom Change % | BE1: catagories | BF1: sum of catogories for rural | BG1: sum of catogories for urban | BH1: sum of catogories for R+U
A2: Rural | B2: 2022 | C2: June | D2: =TEXT(DATE(B2, MONTH(1&C2), 1), "mmm-yy") -> Jun-22 | E2: 44713 | F2: Post covid | G2: 153.8 | I2: 217.2 | K2: 169.6 | M2: 165.4 | O2: 208.1 | Q2: 165.8 | S2: 167.3 | U2: 164.6 | W2: 119.1 | Y2: 188.9 | AA2: 174.2 | AC2: 181.9 | AE2: 172.4 | AG2: 192.9 | AI2: 180.7 | AJ2: 178.7 | AK2: 180.4 | AL2: ='Handle missing value sheet only'!$C$1 -> 139.27097 | AM2: 176.7 | AN2: 170.3 | AO2: 178.2 | AP2: 165.5 | AQ2: 168 | AR2: 172.6 | AS2: 169.5 | AT2: 171 | AU2: 173.6 | AV2: =SUM(AL2:AT2,G2:AJ2) -> 4311.671 | AW2: =SUM(AT2,AS2,AR2,AQ2) -> 681.1 | AX2: =SUM(AJ2,AI2) -> 359.4 | AY2: =SUM(AN2,AL2) -> 309.57097 | AZ2: =SUM(G2:AG2) -> 2441.2 | BA2: =AVERAGE(AT2,AS2,AR2,AQ2) -> 170.275 | BB2: =AVERAGE(AL2,AN2) -> 154.78548 | BC2: 174.37143 | BE2: Cereals and products | BF2: =SUM(#REF!) -> #REF! | BG2: =SUM(#REF!) -> #REF! | BH2: =SUM(#REF!) -> #REF!
A3: Urban | B3: 2022 | C3: June | D3: =TEXT(DATE(B3, MONTH(1&C3), 1), "mmm-yy") -> Jun-22 | E3: 44713 | F3: Post covid | G3: 157.5 | I3: 223.4 | K3: 172.8 | M3: 166.4 | O3: 188.6 | Q3: 174.1 | S3: 211.5 | U3: 163.6 | W3: 121.4 | Y3: 183.5 | AA3: 159.1 | AC3: 186.3 | AE3: 179.3 | AG3: 198.3 | AI3: 171.6 | AJ3: 157.4 | AK3: 169.4 | AL3: 166.8 | AM3: 174.9 | AN3: 162.1 | AO3: 170.9 | AP3: 157.2 | AQ3: 164.1 | AR3: 166.5 | AS3: 169.2 | AT3: 163.8 | AU3: 171.4 | AV3: =SUM(AL3:AT3,G3:AJ3) -> 4310.3 | AW3: =SUM(AT3,AS3,AR3,AQ3) -> 663.6 | AX3: =SUM(AJ3,AI3) -> 329 | AY3: =SUM(AN3,AL3) -> 328.9 | AZ3: =SUM(G3:AG3) -> 2485.8 | BA3: =AVERAGE(AT3,AS3,AR3,AQ3) -> 165.9 | BB3: =AVERAGE(AL3,AN3) -> 164.45 | BC3: 177.55714 | BD3: =(BC3-BC2)/BC2 -> 0.018269703 | BE3: Meat and fish | BF3: =SUM(#REF!) -> #REF! | BG3: =SUM(#REF!) -> #REF! | BH3: =SUM(#REF!) -> #REF!
A4: Rural+Urban | B4: 2022 | C4: June | D4: =TEXT(DATE(B4, MONTH(1&C4), 1), "mmm-yy") -> Jun-22 | E4: 44713 | F4: Post covid | G4: 155 | I4: 219.4 | K4: 170.8 | M4: 165.8 | O4: 200.9 | Q4: 169.7 | S4: 182.3 | U4: 164.3 | W4: 119.9 | Y4: 187.1 | AA4: 167.9 | AC4: 183.9 | AE4: 174.9 | AG4: 194.3 | AI4: 177.1 | AJ4: 169.9 | AK4: 176 | AL4: 166.8 | AM4: 176 | AN4: 166.4 | AO4: 175.4 | AP4: 161.1 | AQ4: 165.8 | AR4: 169 | AS4: 169.4 | AT4: 167.5 | AU4: 172.6 | AV4: =SUM(AL4:AT4,G4:AJ4) -> 4320.6 | AW4: =SUM(AT4,AS4,AR4,AQ4) -> 671.7 | AX4: =SUM(AJ4,AI4) -> 347 | AY4: =SUM(AN4,AL4) -> 333.2 | AZ4: =SUM(G4:AG4) -> 2456.2 | BA4: =AVERAGE(AT4,AS4,AR4,AQ4) -> 167.925 | BB4: =AVERAGE(AL4,AN4) -> 166.6 | BC4: 175.44286 | BD4: =(BC4-BC3)/BC3 -> -0.011907635 | BE4: Egg | BF4: =SUM(#REF!) -> #REF! | BG4: =SUM(#REF!) -> #REF! | BH4: =SUM(#REF!) -> #REF!
A5: Rural | B5: 2022 | C5: July | D5: =TEXT(DATE(B5, MONTH(1&C5), 1), "mmm-yy") -> Jul-22 | E5: 44743 | F5: Post covid | G5: 155.2 | H5: =(G5-G2)/G2 -> 0.0091027308 | I5: 210.8 | J5: =(I5-I2)/I2 -> -0.02946593 | K5: 174.3 | L5: =(K5-K2)/K2 -> 0.027712264 | M5: 166.3 | N5: =(M5-M2)/M2 -> 0.0054413543 | O5: 202.2 | P5: =(O5-O2)/O2 -> -0.028351754 | Q5: 169.6 | R5: =(Q5-Q2)/Q2 -> 0.02291918 | S5: 168.6 | T5: =(S5-S2)/S2 -> 0.0077704722 | U5: 164.4 | V5: =(U5-U2)/U2 -> -0.0012150668 | W5: 119.2 | X5: =(W5-W2)/W2 -> 0.00083963056 | Y5: 191.8 | Z5: =(Y5-Y2)/Y2 -> 0.015352038 | AA5: 174.5 | AB5: =(AA5-AA2)/AA2 -> 0.0017221584 | AC5: 183.1 | AD5: =(AC5-AC2)/AC2 -> 0.0065970313 | AE5: 172.5 | AF5: =(AE5-AE2)/AE2 -> 0.0005800464 | AG5: 193.2 | AH5: =(AG5-AG2)/AG2 -> 0.00155521 | AI5: 182 | AJ5: 180.3 | AK5: 181.7 | AL5: ='Handle missing value sheet only'!$C$1 -> 139.27097 | AM5: 179.6 | AN5: 171.3 | AO5: 178.8 | AP5: 166.3 | AQ5: 168.6 | AR5: 174.7 | AS5: 169.7 | AT5: 171.8 | AU5: 174.3 | AV5: =SUM(AL5:AT5,G5:AJ5) -> 4328.1115 | AW5: =SUM(AT5,AS5,AR5,AQ5) -> 684.8 | AX5: =SUM(AJ5,AI5) -> 362.3 | AY5: =SUM(AN5,AL5) -> 310.57097 | AZ5: =SUM(G5:AG5) -> 2445.739 | BA5: =AVERAGE(AT5,AS5,AR5,AQ5) -> 171.2 | BB5: =AVERAGE(AL5,AN5) -> 155.28548 | BC5: 174.69286 | BD5: =(BC5-BC4)/BC4 -> -0.0042748962 | BE5: Milk and products | BF5: =SUM(#REF!) -> #REF! | BG5: =SUM(#REF!) -> #REF! | BH5: =SUM(#REF!) -> #REF!
A6: Urban | B6: 2022 | C6: July | D6: =TEXT(DATE(B6, MONTH(1&C6), 1), "mmm-yy") -> Jul-22 | E6: 44743 | F6: Post covid | G6: 159.3 | H6: =(G6-G3)/G3 -> 0.011428571 | I6: 217.1 | J6: =(I6-I3)/I3 -> -0.028200537 | K6: 176.6 | L6: =(K6-K3)/K3 -> 0.021990741 | M6: 167.1 | N6: =(M6-M3)/M3 -> 0.0042067308 | O6: 184.8 | P6: =(O6-O3)/O3 -> -0.020148462 | Q6: 179.5 | R6: =(Q6-Q3)/Q3 -> 0.031016657 | S6: 208.5 | T6: =(S6-S3)/S3 -> -0.014184397 | U6: 164 | V6: =(U6-U3)/U3 -> 0.0024449878 | W6: 121.5 | X6: =(W6-W3)/W3 -> 0.00082372323 | Y6: 186.3 | Z6: =(Y6-Y3)/Y3 -> 0.015258856 | AA6: 159.8 | AB6: =(AA6-AA3)/AA3 -> 0.0043997486 | AC6: 187.7 | AD6: =(AC6-AC3)/AC3 -> 0.0075147611 | AE6: 179.4 | AF6: =(AE6-AE3)/AE3 -> 0.00055772448 | AG6: 198.6 | AH6: =(AG6-AG3)/AG3 -> 0.0015128593 | AI6: 172.7 | AJ6: 158.7 | AK6: 170.6 | AL6: 167.8 | AM6: 179.5 | AN6: 163.1 | AO6: 171.7 | AP6: 157.4 | AQ6: 164.6 | AR6: 169.1 | AS6: 169.8 | AT6: 164.7 | AU6: 172.3 | AV6: =SUM(AL6:AT6,G6:AJ6) -> 4329.3386 | AW6: =SUM(AT6,AS6,AR6,AQ6) -> 668.2 | AX6: =SUM(AJ6,AI6) -> 331.4 | AY6: =SUM(AN6,AL6) -> 330.9 | AZ6: =SUM(G6:AG6) -> 2490.2371 | BA6: =AVERAGE(AT6,AS6,AR6,AQ6) -> 167.05 | BB6: =AVERAGE(AL6,AN6) -> 165.45 | BC6: 177.87143 | BD6: =(BC6-BC5)/BC5 -> 0.0181952 | BE6: Oils and fats | BF6: =SUM(#REF!) -> #REF! | BG6: =SUM(#REF!) -> #REF! | BH6: =SUM(#REF!) -> #REF!
A7: Rural+Urban | B7: 2022 | C7: July | D7: =TEXT(DATE(B7, MONTH(1&C7), 1), "mmm-yy") -> Jul-22 | E7: 44743 | F7: Post covid | G7: 156.5 | H7: =(G7-G4)/G4 -> 0.0096774194 | I7: 213 | J7: =(I7-I4)/I4 -> -0.029170465 | K7: 175.2 | L7: =(K7-K4)/K4 -> 0.025761124 | M7: 166.6 | N7: =(M7-M4)/M4 -> 0.0048250905 | O7: 195.8 | P7: =(O7-O4)/O4 -> -0.025385764 | Q7: 174.2 | R7: =(Q7-Q4)/Q4 -> 0.026517384 | S7: 182.1 | T7: =(S7-S4)/S4 -> -0.0010970927 | U7: 164.3 | V7: =(U7-U4)/U4 -> 0 | W7: 120 | X7: =(W7-W4)/W4 -> 0.00083402836 | Y7: 190 | Z7: =(Y7-Y4)/Y4 -> 0.015499733 | AA7: 168.4 | AB7: =(AA7-AA4)/AA4 -> 0.0029779631 | AC7: 185.2 | AD7: =(AC7-AC4)/AC4 -> 0.0070690593 | AE7: 175 | AF7: =(AE7-AE4)/AE4 -> 0.00057175529 | AG7: 194.6 | AH7: =(AG7-AG4)/AG4 -> 0.0015440041 | AI7: 178.3 | AJ7: 171.3 | AK7: 177.3 | AL7: 167.8 | AM7: 179.6 | AN7: 167.4 | AO7: 176.1 | AP7: 161.6 | AQ7: 166.3 | AR7: 171.4 | AS7: 169.7 | AT7: 168.4 | AU7: 173.4 | AV7: =SUM(AL7:AT7,G7:AJ7) -> 4338.8396 | AW7: =SUM(AT7,AS7,AR7,AQ7) -> 675.8 | AX7: =SUM(AJ7,AI7) -> 349.6 | AY7: =SUM(AN7,AL7) -> 335.2 | AZ7: =SUM(G7:AG7) -> 2460.9381 | BA7: =AVERAGE(AT7,AS7,AR7,AQ7) -> 168.95 | BB7: =AVERAGE(AL7,AN7) -> 167.6 | BC7: 175.77857 | BD7: =(BC7-BC6)/BC6 -> -0.011766123 | BE7: Fruits | BF7: =SUM(#REF!) -> #REF! | BG7: =SUM(#REF!) -> #REF! | BH7: =SUM(#REF!) -> #REF!
A8: Rural | B8: 2022 | C8: August | D8: =TEXT(DATE(B8, MONTH(1&C8), 1), "mmm-yy") -> Aug-22 | E8: 44774 | F8: Post covid | G8: 159.5 | H8: =(G8-G5)/G5 -> 0.027706186 | I8: 204.1 | J8: =(I8-I5)/I5 -> -0.031783681 | K8: 168.3 | L8: =(K8-K5)/K5 -> -0.034423408 | M8: 167.9 | N8: =(M8-M5)/M5 -> 0.0096211666 | O8: 198.1 | P8: =(O8-O5)/O5 -> -0.020276954 | Q8: 169.2 | R8: =(Q8-Q5)/Q5 -> -0.0023584906 | S8: 173.1 | T8: =(S8-S5)/S5 -> 0.026690391 | U8: 167.1 | V8: =(U8-U5)/U5 -> 0.016423358 | W8: 120.2 | X8: =(W8-W5)/W5 -> 0.0083892617 | Y8: 195.6 | Z8: =(Y8-Y5)/Y5 -> 0.019812304 | AA8: 174.8 | AB8: =(AA8-AA5)/AA5 -> 0.0017191977 | AC8: 184 | AD8: =(AC8-AC5)/AC5 -> 0.0049153468 | AE8: 173.9 | AF8: =(AE8-AE5)/AE5 -> 0.008115942 | AG8: 193.7 | AH8: =(AG8-AG5)/AG5 -> 0.0025879917 | AI8: 183.2 | AJ8: 181.7 | AK8: 183 | AL8: ='Handle missing value sheet only'!$C$1 -> 139.27097 | AM8: 179.1 | AN8: 172.3 | AO8: 179.4 | AP8: 166.6 | AQ8: 169.3 | AR8: 175.7 | AS8: 171.1 | AT8: 172.6 | AU8: 175.3 | AV8: =SUM(AL8:AT8,G8:AJ8) -> 4339.8081 | AW8: =SUM(AT8,AS8,AR8,AQ8) -> 688.7 | AX8: =SUM(AJ8,AI8) -> 364.9 | AY8: =SUM(AN8,AL8) -> 311.57097 | AZ8: =SUM(G8:AG8) -> 2449.5346 | BA8: =AVERAGE(AT8,AS8,AR8,AQ8) -> 172.175 | BB8: =AVERAGE(AL8,AN8) -> 155.78548 | BC8: 174.96429 | BD8: =(BC8-BC7)/BC7 -> -0.0046324515 | BE8: Vegetables | BF8: =SUM(#REF!) -> #REF! | BG8: =SUM(#REF!) -> #REF! | BH8: =SUM(#REF!) -> #REF!
A9: Urban | B9: 2022 | C9: August | D9: =TEXT(DATE(B9, MONTH(1&C9), 1), "mmm-yy") -> Aug-22 | E9: 44774 | F9: Post covid | G9: 162.1 | H9: =(G9-G6)/G6 -> 0.017576899 | I9: 210.9 | J9: =(I9-I6)/I6 -> -0.028558268 | K9: 170.6 | L9: =(K9-K6)/K6 -> -0.033975085 | M9: 168.4 | N9: =(M9-M6)/M6 -> 0.0077797726 | O9: 182.5 | P9: =(O9-O6)/O6 -> -0.012445887 | Q9: 177.1 | R9: =(Q9-Q6)/Q6 -> -0.013370474 | S9: 213.1 | T9: =(S9-S6)/S6 -> 0.02206235 | U9: 167.3 | V9: =(U9-U6)/U6 -> 0.020121951 | W9: 122.2 | X9: =(W9-W6)/W6 -> 0.0057613169 | Y9: 189.7 | Z9: =(Y9-Y6)/Y6 -> 0.018250134 | AA9: 160.5 | AB9: =(AA9-AA6)/AA6 -> 0.0043804756 | AC9: 188.9 | AD9: =(AC9-AC6)/AC6 -> 0.0063931806 | AE9: 180.4 | AF9: =(AE9-AE6)/AE6 -> 0.005574136 | AG9: 198.7 | AH9: =(AG9-AG6)/AG6 -> 0.00050352467 | AI9: 173.7 | AJ9: 160 | AK9: 171.6 | AL9: 169 | AM9: 178.4 | AN9: 164.2 | AO9: 172.6 | AP9: 157.7 | AQ9: 165.1 | AR9: 169.9 | AS9: 171.4 | AT9: 165.4 | AU9: 173.1 | AV9: =SUM(AL9:AT9,G9:AJ9) -> 4339.8201 | AW9: =SUM(AT9,AS9,AR9,AQ9) -> 671.8 | AX9: =SUM(AJ9,AI9) -> 333.7 | AY9: =SUM(AN9,AL9) -> 333.2 | AZ9: =SUM(G9:AG9) -> 2492.4196 | BA9: =AVERAGE(AT9,AS9,AR9,AQ9) -> 167.95 | BB9: =AVERAGE(AL9,AN9) -> 166.6 | BC9: 178.02857 | BD9: =(BC9-BC8)/BC8 -> 0.017513778 | BE9: Pulses and products | BF9: =SUM(#REF!) -> #REF! | BG9: =SUM(#REF!) -> #REF! | BH9: =SUM(#REF!) -> #REF!
A10: Rural+Urban | B10: 2022 | C10: August | D10: =TEXT(DATE(B10, MONTH(1&C10), 1), "mmm-yy") -> Aug-22 | E10: 44774 | F10: Post covid | G10: 160.3 | H10: =(G10-G7)/G7 -> 0.02428115 | I10: 206.5 | J10: =(I10-I7)/I7 -> -0.030516432 | K10: 169.2 | L10: =(K10-K7)/K7 -> -0.034246575 | M10: 168.1 | N10: =(M10-M7)/M7 -> 0.0090036014 | O10: 192.4 | P10: =(O10-O7)/O7 -> -0.017364658 | Q10: 172.9 | R10: =(Q10-Q7)/Q7 -> -0.0074626866 | S10: 186.7 | T10: =(S10-S7)/S7 -> 0.025260846 | U10: 167.2 | V10: =(U10-U7)/U7 -> 0.017650639 | W10: 120.9 | X10: =(W10-W7)/W7 -> 0.0075 | Y10: 193.6 | Z10: =(Y10-Y7)/Y7 -> 0.018947368 | AA10: 168.8 | AB10: =(AA10-AA7)/AA7 -> 0.0023752969 | AC10: 186.3 | AD10: =(AC10-AC7)/AC7 -> 0.0059395248 | AE10: 176.3 | AF10: =(AE10-AE7)/AE7 -> 0.0074285714 | AG10: 195 | AH10: =(AG10-AG7)/AG7 -> 0.0020554985 | AI10: 179.5 | AJ10: 172.7 | AK10: 178.5 | AL10: 169 | AM10: 178.8 | AN10: 168.5 | AO10: 176.8 | AP10: 161.9 | AQ10: 166.9 | AR10: 172.3 | AS10: 171.2 | AT10: 169.1 | AU10: 174.3 | AV10: =SUM(AL10:AT10,G10:AJ10) -> 4350.9309 | AW10: =SUM(AT10,AS10,AR10,AQ10) -> 679.5 | AX10: =SUM(AJ10,AI10) -> 352.2 | AY10: =SUM(AN10,AL10) -> 337.5 | AZ10: =SUM(G10:AG10) -> 2464.2288 | BA10: =AVERAGE(AT10,AS10,AR10,AQ10) -> 169.875 | BB10: =AVERAGE(AL10,AN10) -> 168.75 | BC10: 176.01429 | BD10: =(BC10-BC9)/BC9 -> -0.011314396 | BE10: Sugar and Confectionery | BF10: =SUM(#REF!) -> #REF! | BG10: =SUM(#REF!) -> #REF! | BH10: =SUM(#REF!) -> #REF!
A11: Rural | B11: 2022 | C11: September | D11: =TEXT(DATE(B11, MONTH(1&C11), 1), "mmm-yy") -> Sep-22 | E11: 44805 | F11: Post covid | G11: 162.9 | H11: =(G11-G8)/G8 -> 0.021316614 | I11: 206.7 | J11: =(I11-I8)/I8 -> 0.012738854 | K11: 169 | L11: =(K11-K8)/K8 -> 0.0041592395 | M11: 169.5 | N11: =(M11-M8)/M8 -> 0.0095294818 | O11: 194.1 | P11: =(O11-O8)/O8 -> -0.020191822 | Q11: 164.1 | R11: =(Q11-Q8)/Q8 -> -0.030141844 | S11: 176.9 | T11: =(S11-S8)/S8 -> 0.021952629 | U11: 169 | V11: =(U11-U8)/U8 -> 0.011370437 | W11: 120.8 | X11: =(W11-W8)/W8 -> 0.0049916805 | Y11: 199.1 | Z11: =(Y11-Y8)/Y8 -> 0.017893661 | AA11: 175.4 | AB11: =(AA11-AA8)/AA8 -> 0.0034324943 | AC11: 184.8 | AD11: =(AC11-AC8)/AC8 -> 0.0043478261 | AE11: 175.5 | AF11: =(AE11-AE8)/AE8 -> 0.0092006901 | AG11: 194.5 | AH11: =(AG11-AG8)/AG8 -> 0.0041300981 | AI11: 184.7 | AJ11: 183.3 | AK11: 184.5 | AL11: ='Handle missing value sheet only'!$C$1 -> 139.27097 | AM11: 179.7 | AN11: 173.6 | AO11: 180.2 | AP11: 166.9 | AQ11: 170 | AR11: 176.2 | AS11: 170.8 | AT11: 173.1 | AU11: 176.4 | AV11: =SUM(AL11:AT11,G11:AJ11) -> 4360.1457 | AW11: =SUM(AT11,AS11,AR11,AQ11) -> 690.1 | AX11: =SUM(AJ11,AI11) -> 368 | AY11: =SUM(AN11,AL11) -> 312.87097 | AZ11: =SUM(G11:AG11) -> 2462.3706 | BA11: =AVERAGE(AT11,AS11,AR11,AQ11) -> 172.525 | BB11: =AVERAGE(AL11,AN11) -> 156.43548 | BC11: 175.87857 | BD11: =(BC11-BC10)/BC10 -> -0.00077104131 | BE11: Spices | BF11: =SUM(#REF!) -> #REF! | BG11: =SUM(#REF!) -> #REF! | BH11: =SUM(#REF!) -> #REF!
A12: Urban | B12: 2022 | C12: September | D12: =TEXT(DATE(B12, MONTH(1&C12), 1), "mmm-yy") -> Sep-22 | E12: 44805 | F12: Post covid | G12: 164.9 | H12: =(G12-G9)/G9 -> 0.017273288 | I12: 213.7 | J12: =(I12-I9)/I9 -> 0.013276434 | K12: 170.9 | L12: =(K12-K9)/K9 -> 0.0017584994 | M12: 170.1 | N12: =(M12-M9)/M9 -> 0.010095012 | O12: 179.3 | P12: =(O12-O9)/O9 -> -0.017534247 | Q12: 167.5 | R12: =(Q12-Q9)/Q9 -> -0.054206663 | S12: 220.8 | T12: =(S12-S9)/S9 -> 0.036133271 | U12: 169.2 | V12: =(U12-U9)/U9 -> 0.011356844 | W12: 123.1 | X12: =(W12-W9)/W9 -> 0.0073649755 | Y12: 193.6 | Z12: =(Y12-Y9)/Y9 -> 0.020558777 | AA12: 161.1 | AB12: =(AA12-AA9)/AA9 -> 0.0037383178 | AC12: 190.4 | AD12: =(AC12-AC9)/AC9 -> 0.0079407094 | AE12: 181.8 | AF12: =(AE12-AE9)/AE9 -> 0.0077605322 | AG12: 199.7 | AH12: =(AG12-AG9)/AG9 -> 0.0050327126 | AI12: 175 | AJ12: 161.7 | AK12: 173 | AL12: 169.5 | AM12: 179.2 | AN12: 165 | AO12: 173.8 | AP12: 158.2 | AQ12: 165.8 | AR12: 170.9 | AS12: 171.1 | AT12: 166.1 | AU12: 174.1 | AV12: =SUM(AL12:AT12,G12:AJ12) -> 4362.4705 | AW12: =SUM(AT12,AS12,AR12,AQ12) -> 673.9 | AX12: =SUM(AJ12,AI12) -> 336.7 | AY12: =SUM(AN12,AL12) -> 334.5 | AZ12: =SUM(G12:AG12) -> 2506.1655 | BA12: =AVERAGE(AT12,AS12,AR12,AQ12) -> 168.475 | BB12: =AVERAGE(AL12,AN12) -> 167.25 | BC12: 179.00714 | BD12: =(BC12-BC11)/BC11 -> 0.017788247 | BE12: Non-alcoholic beverages | BF12: =SUM(#REF!) -> #REF! | BG12: =SUM(#REF!) -> #REF! | BH12: =SUM(#REF!) -> #REF!
A13: Rural+Urban | B13: 2022 | C13: September | D13: =TEXT(DATE(B13, MONTH(1&C13), 1), "mmm-yy") -> Sep-22 | E13: 44805 | F13: Post covid | G13: 163.5 | H13: =(G13-G10)/G10 -> 0.01996257 | I13: 209.2 | J13: =(I13-I10)/I10 -> 0.013075061 | K13: 169.7 | L13: =(K13-K10)/K10 -> 0.0029550827 | M13: 169.7 | N13: =(M13-M10)/M10 -> 0.009518144 | O13: 188.7 | P13: =(O13-O10)/O10 -> -0.019230769 | Q13: 165.7 | R13: =(Q13-Q10)/Q10 -> -0.041642568 | S13: 191.8 | T13: =(S13-S10)/S10 -> 0.027316551 | U13: 169.1 | V13: =(U13-U10)/U10 -> 0.011363636 | W13: 121.6 | X13: =(W13-W10)/W10 -> 0.005789909 | Y13: 197.3 | Z13: =(Y13-Y10)/Y10 -> 0.01911157 | AA13: 169.4 | AB13: =(AA13-AA10)/AA10 -> 0.0035545024 | AC13: 187.4 | AD13: =(AC13-AC10)/AC10 -> 0.0059044552 | AE13: 177.8 | AF13: =(AE13-AE10)/AE10 -> 0.0085082246 | AG13: 195.9 | AH13: =(AG13-AG10)/AG10 -> 0.0046153846 | AI13: 180.9 | AJ13: 174.3 | AK13: 179.9 | AL13: 169.5 | AM13: 179.5 | AN13: 169.5 | AO13: 177.8 | AP13: 162.3 | AQ13: 167.6 | AR13: 173.1 | AS13: 170.9 | AT13: 169.7 | AU13: 175.3 | AV13: =SUM(AL13:AT13,G13:AJ13) -> 4371.9708 | AW13: =SUM(AT13,AS13,AR13,AQ13) -> 681.3 | AX13: =SUM(AJ13,AI13) -> 355.2 | AY13: =SUM(AN13,AL13) -> 339 | AZ13: =SUM(G13:AG13) -> 2476.8662 | BA13: =AVERAGE(AT13,AS13,AR13,AQ13) -> 170.325 | BB13: =AVERAGE(AL13,AN13) -> 169.5 | BC13: 176.91429 | BD13: =(BC13-BC12)/BC12 -> -0.011691473 | BE13: Prepared meals, snacks, sweets etc. | BF13: =SUM(#REF!) -> #REF! | BG13: =SUM(#REF!) -> #REF! | BH13: =SUM(#REF!) -> #REF!
A14: Rural | B14: 2022 | C14: October | D14: =TEXT(DATE(B14, MONTH(1&C14), 1), "mmm-yy") -> Oct-22 | E14: 44835 | F14: Post covid | G14: 164.7 | H14: =(G14-G11)/G11 -> 0.011049724 | I14: 208.8 | J14: =(I14-I11)/I11 -> 0.010159652 | K14: 170.3 | L14: =(K14-K11)/K11 -> 0.0076923077 | M14: 170.9 | N14: =(M14-M11)/M11 -> 0.008259587 | O14: 191.6 | P14: =(O14-O11)/O11 -> -0.012879959 | Q14: 162.2 | R14: =(Q14-Q11)/Q11 -> -0.011578306 | S14: 184.8 | T14: =(S14-S11)/S11 -> 0.044657999 | U14: 169.7 | V14: =(U14-U11)/U11 -> 0.0041420118 | W14: 121.1 | X14: =(W14-W11)/W11 -> 0.0024834437 | Y14: 201.6 | Z14: =(Y14-Y11)/Y11 -> 0.012556504 | AA14: 175.8 | AB14: =(AA14-AA11)/AA11 -> 0.0022805017 | AC14: 185.6 | AD14: =(AC14-AC11)/AC11 -> 0.0043290043 | AE14: 177.4 | AF14: =(AE14-AE11)/AE11 -> 0.010826211 | AG14: 194.9 | AH14: =(AG14-AG11)/AG11 -> 0.0020565553 | AI14: 186.1 | AJ14: 184.4 | AK14: 185.9 | AL14: ='Handle missing value sheet only'!$C$1 -> 139.27097 | AM14: 180.8 | AN14: 174.4 | AO14: 181.2 | AP14: 167.4 | AQ14: 170.6 | AR14: 176.5 | AS14: 172 | AT14: 173.9 | AU14: 177.9 | AV14: =SUM(AL14:AT14,G14:AJ14) -> 4386.067 | AW14: =SUM(AT14,AS14,AR14,AQ14) -> 693 | AX14: =SUM(AJ14,AI14) -> 370.5 | AY14: =SUM(AN14,AL14) -> 313.67097 | AZ14: =SUM(G14:AG14) -> 2479.494 | BA14: =AVERAGE(AT14,AS14,AR14,AQ14) -> 173.25 | BB14: =AVERAGE(AL14,AN14) -> 156.83548 | BC14: 177.1 | BD14: =(BC14-BC13)/BC13 -> 0.0010497416 | BE14: Food and beverages | BF14: =SUM(#REF!) -> #REF! | BG14: =SUM(#REF!) -> #REF! | BH14: =SUM(#REF!) -> #REF!
A15: Urban | B15: 2022 | C15: October | D15: =TEXT(DATE(B15, MONTH(1&C15), 1), "mmm-yy") -> Oct-22 | E15: 44835 | F15: Post covid | G15: 166.4 | H15: =(G15-G12)/G12 -> 0.0090964221 | I15: 214.9 | J15: =(I15-I12)/I12 -> 0.0056153486 | K15: 171.9 | L15: =(K15-K12)/K12 -> 0.0058513751 | M15: 171 | N15: =(M15-M12)/M12 -> 0.0052910053 | O15: 177.7 | P15: =(O15-O12)/O12 -> -0.0089235917 | Q15: 165.7 | R15: =(Q15-Q12)/Q12 -> -0.010746269 | S15: 228.6 | T15: =(S15-S12)/S12 -> 0.035326087 | U15: 169.9 | V15: =(U15-U12)/U12 -> 0.0041371158 | W15: 123.4 | X15: =(W15-W12)/W12 -> 0.0024370431 | Y15: 196.4 | Z15: =(Y15-Y12)/Y12 -> 0.01446281 | AA15: 161.6 | AB15: =(AA15-AA12)/AA12 -> 0.0031036623 | AC15: 191.5 | AD15: =(AC15-AC12)/AC12 -> 0.0057773109 | AE15: 183.3 | AF15: =(AE15-AE12)/AE12 -> 0.0082508251 | AG15: 200.1 | AH15: =(AG15-AG12)/AG12 -> 0.0020030045 | AI15: 175.5 | AJ15: 162.6 | AK15: 173.6 | AL15: 171.2 | AM15: 180 | AN15: 166 | AO15: 174.7 | AP15: 158.8 | AQ15: 166.3 | AR15: 171.2 | AS15: 172.3 | AT15: 166.8 | AU15: 175.3 | AV15: =SUM(AL15:AT15,G15:AJ15) -> 4387.8817 | AW15: =SUM(AT15,AS15,AR15,AQ15) -> 676.6 | AX15: =SUM(AJ15,AI15) -> 338.1 | AY15: =SUM(AN15,AL15) -> 337.2 | AZ15: =SUM(G15:AG15) -> 2522.4797 | BA15: =AVERAGE(AT15,AS15,AR15,AQ15) -> 169.15 | BB15: =AVERAGE(AL15,AN15) -> 168.6 | BC15: 180.17143 | BD15: =(BC15-BC14)/BC14 -> 0.017342906 | BE15: Pan, tobacco and intoxicants | BF15: =SUM(#REF!) -> #REF! | BG15: =SUM(#REF!) -> #REF! | BH15: =SUM(#REF!) -> #REF!
A16: Rural+Urban | B16: 2022 | C16: October | D16: =TEXT(DATE(B16, MONTH(1&C16), 1), "mmm-yy") -> Oct-22 | E16: 44835 | F16: Post covid | G16: 165.2 | H16: =(G16-G13)/G13 -> 0.010397554 | I16: 210.9 | J16: =(I16-I13)/I13 -> 0.008126195 | K16: 170.9 | L16: =(K16-K13)/K13 -> 0.0070713023 | M16: 170.9 | N16: =(M16-M13)/M13 -> 0.0070713023 | O16: 186.5 | P16: =(O16-O13)/O13 -> -0.011658718 | Q16: 163.8 | R16: =(Q16-Q13)/Q13 -> -0.011466506 | S16: 199.7 | T16: =(S16-S13)/S13 -> 0.041188738 | U16: 169.8 | V16: =(U16-U13)/U13 -> 0.0041395624 | W16: 121.9 | X16: =(W16-W13)/W13 -> 0.0024671053 | Y16: 199.9 | Z16: =(Y16-Y13)/Y13 -> 0.013177902 | AA16: 169.9 | AB16: =(AA16-AA13)/AA13 -> 0.0029515939 | AC16: 188.3 | AD16: =(AC16-AC13)/AC13 -> 0.0048025614 | AE16: 179.6 | AF16: =(AE16-AE13)/AE13 -> 0.010123735 | AG16: 196.3 | AH16: =(AG16-AG13)/AG13 -> 0.0020418581 | AI16: 181.9 | AJ16: 175.3 | AK16: 181 | AL16: 171.2 | AM16: 180.5 | AN16: 170.4 | AO16: 178.7 | AP16: 162.9 | AQ16: 168.2 | AR16: 173.4 | AS16: 172.1 | AT16: 170.5 | AU16: 176.7 | AV16: =SUM(AL16:AT16,G16:AJ16) -> 4398.7904 | AW16: =SUM(AT16,AS16,AR16,AQ16) -> 684.2 | AX16: =SUM(AJ16,AI16) -> 357.2 | AY16: =SUM(AN16,AL16) -> 341.6 | AZ16: =SUM(G16:AG16) -> 2493.6884 | BA16: =AVERAGE(AT16,AS16,AR16,AQ16) -> 171.05 | BB16: =AVERAGE(AL16,AN16) -> 170.8 | BC16: 178.11429 | BD16: =(BC16-BC15)/BC15 -> -0.011417697
A17: Rural | B17: 2022 | C17: November | D17: =TEXT(DATE(B17, MONTH(1&C17), 1), "mmm-yy") -> Nov-22 | E17: 44866 | F17: Post covid | G17: 166.9 | H17: =(G17-G14)/G14 -> 0.01335762 | I17: 207.2 | J17: =(I17-I14)/I14 -> -0.0076628352 | K17: 180.2 | L17: =(K17-K14)/K14 -> 0.058132707 | M17: 172.3 | N17: =(M17-M14)/M14 -> 0.0081919251 | O17: 194 | P17: =(O17-O14)/O14 -> 0.012526096 | Q17: 159.1 | R17: =(Q17-Q14)/Q14 -> -0.019112207 | S17: 171.6 | T17: =(S17-S14)/S14 -> -0.071428571 | U17: 170.2 | V17: =(U17-U14)/U14 -> 0.002946376 | W17: 121.5 | X17: =(W17-W14)/W14 -> 0.0033030553 | Y17: 204.8 | Z17: =(Y17-Y14)/Y14 -> 0.015873016 | AA17: 176.4 | AB17: =(AA17-AA14)/AA14 -> 0.0034129693 | AC17: 186.9 | AD17: =(AC17-AC14)/AC14 -> 0.0070043103 | AE17: 176.6 | AF17: =(AE17-AE14)/AE14 -> -0.0045095829 | AG17: 195.5 | AH17: =(AG17-AG14)/AG14 -> 0.0030785018 | AI17: 187.2 | AJ17: 185.2 | AK17: 186.9 | AL17: ='Handle missing value sheet only'!$C$1 -> 139.27097 | AM17: 181.9 | AN17: 175.5 | AO17: 182.3 | AP17: 167.5 | AQ17: 170.8 | AR17: 176.9 | AS17: 173.4 | AT17: 174.6 | AU17: 177.8 | AV17: =SUM(AL17:AT17,G17:AJ17) -> 4397.7961 | AW17: =SUM(AT17,AS17,AR17,AQ17) -> 695.7 | AX17: =SUM(AJ17,AI17) -> 372.4 | AY17: =SUM(AN17,AL17) -> 314.77097 | AZ17: =SUM(G17:AG17) -> 2483.222 | BA17: =AVERAGE(AT17,AS17,AR17,AQ17) -> 173.925 | BB17: =AVERAGE(AL17,AN17) -> 157.38548 | BC17: 177.37143 | BD17: =(BC17-BC16)/BC16 -> -0.0041706769
A18: Urban | B18: 2022 | C18: November | D18: =TEXT(DATE(B18, MONTH(1&C18), 1), "mmm-yy") -> Nov-22 | E18: 44866 | F18: Post covid | G18: 168.4 | H18: =(G18-G15)/G15 -> 0.012019231 | I18: 213.4 | J18: =(I18-I15)/I15 -> -0.0069799907 | K18: 183.2 | L18: =(K18-K15)/K15 -> 0.065735893 | M18: 172.3 | N18: =(M18-M15)/M15 -> 0.0076023392 | O18: 180 | P18: =(O18-O15)/O15 -> 0.012943163 | Q18: 162.6 | R18: =(Q18-Q15)/Q15 -> -0.018708509 | S18: 205.5 | T18: =(S18-S15)/S15 -> -0.10104987 | U18: 171 | V18: =(U18-U15)/U15 -> 0.0064743967 | W18: 123.4 | X18: =(W18-W15)/W15 -> 0 | Y18: 198.8 | Z18: =(Y18-Y15)/Y15 -> 0.012219959 | AA18: 162.1 | AB18: =(AA18-AA15)/AA15 -> 0.0030940594 | AC18: 192.4 | AD18: =(AC18-AC15)/AC15 -> 0.0046997389 | AE18: 181.3 | AF18: =(AE18-AE15)/AE15 -> -0.010911075 | AG18: 200.6 | AH18: =(AG18-AG15)/AG15 -> 0.0024987506 | AI18: 176.7 | AJ18: 163.5 | AK18: 174.7 | AL18: 171.8 | AM18: 180.3 | AN18: 166.9 | AO18: 175.8 | AP18: 158.9 | AQ18: 166.7 | AR18: 171.5 | AS18: 173.8 | AT18: 167.4 | AU18: 174.1 | AV18: =SUM(AL18:AT18,G18:AJ18) -> 4388.2896 | AW18: =SUM(AT18,AS18,AR18,AQ18) -> 679.4 | AX18: =SUM(AJ18,AI18) -> 340.2 | AY18: =SUM(AN18,AL18) -> 338.7 | AZ18: =SUM(G18:AG18) -> 2514.9871 | BA18: =AVERAGE(AT18,AS18,AR18,AQ18) -> 169.85 | BB18: =AVERAGE(AL18,AN18) -> 169.35 | BC18: 179.64286 | BD18: =(BC18-BC17)/BC17 -> 0.012806057
A19: Rural+Urban | B19: 2022 | C19: November | D19: =TEXT(DATE(B19, MONTH(1&C19), 1), "mmm-yy") -> Nov-22 | E19: 44866 | F19: Post covid | G19: 167.4 | H19: =(G19-G16)/G16 -> 0.013317191 | I19: 209.4 | J19: =(I19-I16)/I16 -> -0.0071123755 | K19: 181.4 | L19: =(K19-K16)/K16 -> 0.061439438 | M19: 172.3 | N19: =(M19-M16)/M16 -> 0.0081919251 | O19: 188.9 | P19: =(O19-O16)/O16 -> 0.012868633 | Q19: 160.7 | R19: =(Q19-Q16)/Q16 -> -0.018925519 | S19: 183.1 | T19: =(S19-S16)/S16 -> -0.083124687 | U19: 170.5 | V19: =(U19-U16)/U16 -> 0.0041224971 | W19: 122.1 | X19: =(W19-W16)/W16 -> 0.0016406891 | Y19: 202.8 | Z19: =(Y19-Y16)/Y16 -> 0.014507254 | AA19: 170.4 | AB19: =(AA19-AA16)/AA16 -> 0.0029429076 | AC19: 189.5 | AD19: =(AC19-AC16)/AC16 -> 0.0063728093 | AE19: 178.3 | AF19: =(AE19-AE16)/AE16 -> -0.0072383073 | AG19: 196.9 | AH19: =(AG19-AG16)/AG16 -> 0.0030565461 | AI19: 183.1 | AJ19: 176.2 | AK19: 182.1 | AL19: 171.8 | AM19: 181.3 | AN19: 171.4 | AO19: 179.8 | AP19: 163 | AQ19: 168.5 | AR19: 173.7 | AS19: 173.6 | AT19: 171.1 | AU19: 176.5 | AV19: =SUM(AL19:AT19,G19:AJ19) -> 4407.2121 | AW19: =SUM(AT19,AS19,AR19,AQ19) -> 686.9 | AX19: =SUM(AJ19,AI19) -> 359.3 | AY19: =SUM(AN19,AL19) -> 343.2 | AZ19: =SUM(G19:AG19) -> 2493.709 | BA19: =AVERAGE(AT19,AS19,AR19,AQ19) -> 171.725 | BB19: =AVERAGE(AL19,AN19) -> 171.6 | BC19: 178.12143 | BD19: =(BC19-BC18)/BC18 -> -0.0084691849
A20: Rural | B20: 2022 | C20: December | D20: =TEXT(DATE(B20, MONTH(1&C20), 1), "mmm-yy") -> Dec-22 | E20: 44896 | F20: Post covid | G20: 168.8 | H20: =(G20-G17)/G17 -> 0.011384062 | I20: 206.9 | J20: =(I20-I17)/I17 -> -0.0014478764 | K20: 189.1 | L20: =(K20-K17)/K17 -> 0.049389567 | M20: 173.4 | N20: =(M20-M17)/M17 -> 0.0063842136 | O20: 193.9 | P20: =(O20-O17)/O17 -> -0.00051546392 | Q20: 156.7 | R20: =(Q20-Q17)/Q17 -> -0.015084852 | S20: 150.2 | T20: =(S20-S17)/S17 -> -0.12470862 | U20: 170.5 | V20: =(U20-U17)/U17 -> 0.0017626322 | W20: 121.2 | X20: =(W20-W17)/W17 -> -0.0024691358 | Y20: 207.5 | Z20: =(Y20-Y17)/Y17 -> 0.013183594 | AA20: 176.8 | AB20: =(AA20-AA17)/AA17 -> 0.0022675737 | AC20: 187.7 | AD20: =(AC20-AC17)/AC17 -> 0.0042803638 | AE20: 174.4 | AF20: =(AE20-AE17)/AE17 -> -0.012457531 | AG20: 195.9 | AH20: =(AG20-AG17)/AG17 -> 0.0020460358 | AI20: 188.1 | AJ20: 185.9 | AK20: 187.8 | AL20: ='Handle missing value sheet only'!$C$1 -> 139.27097 | AM20: 182.8 | AN20: 176.4 | AO20: 183.5 | AP20: 167.8 | AQ20: 171.2 | AR20: 177.3 | AS20: 175.7 | AT20: 175.5 | AU20: 177.1 | AV20: =SUM(AL20:AT20,G20:AJ20) -> 4396.405 | AW20: =SUM(AT20,AS20,AR20,AQ20) -> 699.7 | AX20: =SUM(AJ20,AI20) -> 374 | AY20: =SUM(AN20,AL20) -> 315.67097 | AZ20: =SUM(G20:AG20) -> 2472.932 | BA20: =AVERAGE(AT20,AS20,AR20,AQ20) -> 174.925 | BB20: =AVERAGE(AL20,AN20) -> 157.83548 | BC20: 176.64286 | BD20: =(BC20-BC19)/BC19 -> -0.0083009183
A21: Urban | B21: 2022 | C21: December | D21: =TEXT(DATE(B21, MONTH(1&C21), 1), "mmm-yy") -> Dec-22 | E21: 44896 | F21: Post covid | G21: 170.2 | H21: =(G21-G18)/G18 -> 0.010688836 | I21: 212.9 | J21: =(I21-I18)/I18 -> -0.0023430178 | K21: 191.9 | L21: =(K21-K18)/K18 -> 0.047489083 | M21: 173.9 | N21: =(M21-M18)/M18 -> 0.0092861288 | O21: 179.1 | P21: =(O21-O18)/O18 -> -0.005 | Q21: 159.5 | R21: =(Q21-Q18)/Q18 -> -0.019065191 | S21: 178.7 | T21: =(S21-S18)/S18 -> -0.13041363 | U21: 171.3 | V21: =(U21-U18)/U18 -> 0.001754386 | W21: 123.1 | X21: =(W21-W18)/W18 -> -0.0024311183 | Y21: 200.5 | Z21: =(Y21-Y18)/Y18 -> 0.0085513078 | AA21: 162.8 | AB21: =(AA21-AA18)/AA18 -> 0.004318322 | AC21: 193.3 | AD21: =(AC21-AC18)/AC18 -> 0.0046777547 | AE21: 178.6 | AF21: =(AE21-AE18)/AE18 -> -0.014892443 | AG21: 201.1 | AH21: =(AG21-AG18)/AG18 -> 0.0024925224 | AI21: 177.7 | AJ21: 164.5 | AK21: 175.7 | AL21: 170.7 | AM21: 180.6 | AN21: 167.3 | AO21: 177.2 | AP21: 159.4 | AQ21: 167.1 | AR21: 171.8 | AS21: 176 | AT21: 168.2 | AU21: 174.1 | AV21: =SUM(AL21:AT21,G21:AJ21) -> 4377.3151 | AW21: =SUM(AT21,AS21,AR21,AQ21) -> 683.1 | AX21: =SUM(AJ21,AI21) -> 342.2 | AY21: =SUM(AN21,AL21) -> 338 | AZ21: =SUM(G21:AG21) -> 2496.8126 | BA21: =AVERAGE(AT21,AS21,AR21,AQ21) -> 170.775 | BB21: =AVERAGE(AL21,AN21) -> 169 | BC21: 178.35 | BD21: =(BC21-BC20)/BC20 -> 0.0096643753
A22: Rural+Urban | B22: 2022 | C22: December | D22: =TEXT(DATE(B22, MONTH(1&C22), 1), "mmm-yy") -> Dec-22 | E22: 44896 | F22: Post covid | G22: 169.2 | H22: =(G22-G19)/G19 -> 0.010752688 | I22: 209 | J22: =(I22-I19)/I19 -> -0.0019102197 | K22: 190.2 | L22: =(K22-K19)/K19 -> 0.048511577 | M22: 173.6 | N22: =(M22-M19)/M19 -> 0.0075449797 | O22: 188.5 | P22: =(O22-O19)/O19 -> -0.0021175225 | Q22: 158 | R22: =(Q22-Q19)/Q19 -> -0.016801493 | S22: 159.9 | T22: =(S22-S19)/S19 -> -0.12670672 | U22: 170.8 | V22: =(U22-U19)/U19 -> 0.0017595308 | W22: 121.8 | X22: =(W22-W19)/W19 -> -0.0024570025 | Y22: 205.2 | Z22: =(Y22-Y19)/Y19 -> 0.01183432 | AA22: 171 | AB22: =(AA22-AA19)/AA19 -> 0.0035211268 | AC22: 190.3 | AD22: =(AC22-AC19)/AC19 -> 0.0042216359 | AE22: 175.9 | AF22: =(AE22-AE19)/AE19 -> -0.01346046 | AG22: 197.3 | AH22: =(AG22-AG19)/AG19 -> 0.0020314881 | AI22: 184 | AJ22: 177 | AK22: 183 | AL22: 170.7 | AM22: 182 | AN22: 172.1 | AO22: 181.1 | AP22: 163.4 | AQ22: 168.9 | AR22: 174.1 | AS22: 175.8 | AT22: 172 | AU22: 175.7 | AV22: =SUM(AL22:AT22,G22:AJ22) -> 4401.7267 | AW22: =SUM(AT22,AS22,AR22,AQ22) -> 690.8 | AX22: =SUM(AJ22,AI22) -> 361 | AY22: =SUM(AN22,AL22) -> 342.8 | AZ22: =SUM(G22:AG22) -> 2480.6247 | BA22: =AVERAGE(AT22,AS22,AR22,AQ22) -> 172.7 | BB22: =AVERAGE(AL22,AN22) -> 171.4 | BC22: 177.19286 | BD22: =(BC22-BC21)/BC21 -> -0.0064880452
A23: Rural | B23: 2023 | C23: January | D23: =TEXT(DATE(B23, MONTH(1&C23), 1), "mmm-yy") -> Jan-23 | E23: 44927 | F23: Post covid | G23: 174 | H23: =(G23-G20)/G20 -> 0.030805687 | I23: 208.3 | J23: =(I23-I20)/I20 -> 0.0067665539 | K23: 192.9 | L23: =(K23-K20)/K20 -> 0.020095188 | M23: 174.3 | N23: =(M23-M20)/M20 -> 0.0051903114 | O23: 192.6 | P23: =(O23-O20)/O20 -> -0.0067044868 | Q23: 156.3 | R23: =(Q23-Q20)/Q20 -> -0.0025526484 | S23: 142.9 | T23: =(S23-S20)/S20 -> -0.048601864 | U23: 170.7 | V23: =(U23-U20)/U20 -> 0.0011730205 | W23: 120.3 | X23: =(W23-W20)/W20 -> -0.0074257426 | Y23: 210.5 | Z23: =(Y23-Y20)/Y20 -> 0.014457831 | AA23: 176.9 | AB23: =(AA23-AA20)/AA20 -> 0.00056561086 | AC23: 188.5 | AD23: =(AC23-AC20)/AC20 -> 0.0042621204 | AE23: 175 | AF23: =(AE23-AE20)/AE20 -> 0.003440367 | AG23: 196.9 | AH23: =(AG23-AG20)/AG20 -> 0.0051046452 | AI23: 189 | AJ23: 186.3 | AK23: 188.6 | AL23: ='Handle missing value sheet only'!$C$1 -> 139.27097 | AM23: 183.2 | AN23: 177.2 | AO23: 184.7 | AP23: 168.2 | AQ23: 171.8 | AR23: 177.8 | AS23: 178.4 | AT23: 176.5 | AU23: 177.8 | AV23: =SUM(AL23:AT23,G23:AJ23) -> 4412.4975 | AW23: =SUM(AT23,AS23,AR23,AQ23) -> 704.5 | AX23: =SUM(AJ23,AI23) -> 375.3 | AY23: =SUM(AN23,AL23) -> 316.47097 | AZ23: =SUM(G23:AG23) -> 2480.1215 | BA23: =AVERAGE(AT23,AS23,AR23,AQ23) -> 176.125 | BB23: =AVERAGE(AL23,AN23) -> 158.23548 | BC23: 177.15 | BD23: =(BC23-BC22)/BC22 -> -0.00024186721
A24: Urban | B24: 2023 | C24: January | D24: =TEXT(DATE(B24, MONTH(1&C24), 1), "mmm-yy") -> Jan-23 | E24: 44927 | F24: Post covid | G24: 173.3 | H24: =(G24-G21)/G21 -> 0.018213866 | I24: 215.2 | J24: =(I24-I21)/I21 -> 0.010803194 | K24: 197 | L24: =(K24-K21)/K21 -> 0.026576342 | M24: 175.2 | N24: =(M24-M21)/M21 -> 0.0074755607 | O24: 178 | P24: =(O24-O21)/O21 -> -0.0061418202 | Q24: 160.5 | R24: =(Q24-Q21)/Q21 -> 0.0062695925 | S24: 175.3 | T24: =(S24-S21)/S21 -> -0.019026301 | U24: 171.2 | V24: =(U24-U21)/U21 -> -0.00058377116 | W24: 122.7 | X24: =(W24-W21)/W21 -> -0.0032493907 | Y24: 204.3 | Z24: =(Y24-Y21)/Y21 -> 0.018952618 | AA24: 163.7 | AB24: =(AA24-AA21)/AA21 -> 0.0055282555 | AC24: 194.3 | AD24: =(AC24-AC21)/AC21 -> 0.0051733057 | AE24: 179.5 | AF24: =(AE24-AE21)/AE21 -> 0.0050391937 | AG24: 201.6 | AH24: =(AG24-AG21)/AG21 -> 0.0024863252 | AI24: 178.7 | AJ24: 165.3 | AK24: 176.6 | AL24: 172.1 | AM24: 180.1 | AN24: 168 | AO24: 178.5 | AP24: 159.5 | AQ24: 167.8 | AR24: 171.8 | AS24: 178.8 | AT24: 168.9 | AU24: 174.9 | AV24: =SUM(AL24:AT24,G24:AJ24) -> 4401.3775 | AW24: =SUM(AT24,AS24,AR24,AQ24) -> 687.3 | AX24: =SUM(AJ24,AI24) -> 344 | AY24: =SUM(AN24,AL24) -> 340.1 | AZ24: =SUM(G24:AG24) -> 2511.875 | BA24: =AVERAGE(AT24,AS24,AR24,AQ24) -> 171.825 | BB24: =AVERAGE(AL24,AN24) -> 170.05 | BC24: 179.41429 | BD24: =(BC24-BC23)/BC23 -> 0.012781743
A25: Rural+Urban | B25: 2023 | C25: January | D25: =TEXT(DATE(B25, MONTH(1&C25), 1), "mmm-yy") -> Jan-23 | E25: 44927 | F25: Post covid | G25: 173.8 | H25: =(G25-G22)/G22 -> 0.027186761 | I25: 210.7 | J25: =(I25-I22)/I22 -> 0.0081339713 | K25: 194.5 | L25: =(K25-K22)/K22 -> 0.022607781 | M25: 174.6 | N25: =(M25-M22)/M22 -> 0.0057603687 | O25: 187.2 | P25: =(O25-O22)/O22 -> -0.0068965517 | Q25: 158.3 | R25: =(Q25-Q22)/Q22 -> 0.0018987342 | S25: 153.9 | T25: =(S25-S22)/S22 -> -0.037523452 | U25: 170.9 | V25: =(U25-U22)/U22 -> 0.00058548009 | W25: 121.1 | X25: =(W25-W22)/W22 -> -0.0057471264 | Y25: 208.4 | Z25: =(Y25-Y22)/Y22 -> 0.015594542 | AA25: 171.4 | AB25: =(AA25-AA22)/AA22 -> 0.0023391813 | AC25: 191.2 | AD25: =(AC25-AC22)/AC22 -> 0.0047293747 | AE25: 176.7 | AF25: =(AE25-AE22)/AE22 -> 0.0045480387 | AG25: 198.2 | AH25: =(AG25-AG22)/AG22 -> 0.0045615813 | AI25: 184.9 | AJ25: 177.6 | AK25: 183.8 | AL25: 172.1 | AM25: 182 | AN25: 172.9 | AO25: 182.3 | AP25: 163.6 | AQ25: 169.5 | AR25: 174.3 | AS25: 178.6 | AT25: 172.8 | AU25: 176.5 | AV25: =SUM(AL25:AT25,G25:AJ25) -> 4421.5478 | AW25: =SUM(AT25,AS25,AR25,AQ25) -> 695.2 | AX25: =SUM(AJ25,AI25) -> 362.5 | AY25: =SUM(AN25,AL25) -> 345 | AZ25: =SUM(G25:AG25) -> 2490.9432 | BA25: =AVERAGE(AT25,AS25,AR25,AQ25) -> 173.8 | BB25: =AVERAGE(AL25,AN25) -> 172.5 | BC25: 177.92143 | BD25: =(BC25-BC24)/BC24 -> -0.0083207262
A26: Rural | B26: 2023 | C26: February | D26: =TEXT(DATE(B26, MONTH(1&C26), 1), "mmm-yy") -> Feb-23 | E26: 44958 | F26: Post covid | G26: 174.2 | H26: =(G26-G23)/G23 -> 0.0011494253 | I26: 205.2 | J26: =(I26-I23)/I23 -> -0.014882381 | K26: 173.9 | L26: =(K26-K23)/K23 -> -0.09849663 | M26: 177 | N26: =(M26-M23)/M23 -> 0.015490534 | O26: 183.4 | P26: =(O26-O23)/O23 -> -0.047767394 | Q26: 167.2 | R26: =(Q26-Q23)/Q23 -> 0.069737684 | S26: 140.9 | T26: =(S26-S23)/S23 -> -0.013995801 | U26: 170.4 | V26: =(U26-U23)/U23 -> -0.0017574692 | W26: 119.1 | X26: =(W26-W23)/W23 -> -0.0099750623 | Y26: 212.1 | Z26: =(Y26-Y23)/Y23 -> 0.0076009501 | AA26: 177.6 | AB26: =(AA26-AA23)/AA23 -> 0.0039570379 | AC26: 189.9 | AD26: =(AC26-AC23)/AC23 -> 0.0074270557 | AE26: 174.8 | AF26: =(AE26-AE23)/AE23 -> -0.0011428571 | AG26: 198.3 | AH26: =(AG26-AG23)/AG23 -> 0.0071102082 | AI26: 190 | AJ26: 187 | AK26: 189.6 | AL26: ='Handle missing value sheet only'!$C$1 -> 139.27097 | AM26: 181.6 | AN26: 178.6 | AO26: 186.6 | AP26: 169 | AQ26: 172.8 | AR26: 178.5 | AS26: 180.7 | AT26: 177.9 | AU26: 178 | AV26: =SUM(AL26:AT26,G26:AJ26) -> 4405.8954 | AW26: =SUM(AT26,AS26,AR26,AQ26) -> 709.9 | AX26: =SUM(AJ26,AI26) -> 377 | AY26: =SUM(AN26,AL26) -> 317.87097 | AZ26: =SUM(G26:AG26) -> 2463.9173 | BA26: =AVERAGE(AT26,AS26,AR26,AQ26) -> 177.475 | BB26: =AVERAGE(AL26,AN26) -> 158.93548 | BC26: 176 | BD26: =(BC26-BC25)/BC25 -> -0.010799309
A27: Urban | B27: 2023 | C27: February | D27: =TEXT(DATE(B27, MONTH(1&C27), 1), "mmm-yy") -> Feb-23 | E27: 44958 | F27: Post covid | G27: 174.7 | H27: =(G27-G24)/G24 -> 0.0080784766 | I27: 212.2 | J27: =(I27-I24)/I24 -> -0.01394052 | K27: 177.2 | L27: =(K27-K24)/K24 -> -0.10050761 | M27: 177.9 | N27: =(M27-M24)/M24 -> 0.015410959 | O27: 172.2 | P27: =(O27-O24)/O24 -> -0.03258427 | Q27: 172.1 | R27: =(Q27-Q24)/Q24 -> 0.072274143 | S27: 175.8 | T27: =(S27-S24)/S24 -> 0.0028522533 | U27: 172.2 | V27: =(U27-U24)/U24 -> 0.0058411215 | W27: 121.9 | X27: =(W27-W24)/W24 -> -0.0065199674 | Y27: 204.8 | Z27: =(Y27-Y24)/Y24 -> 0.0024473813 | AA27: 164.9 | AB27: =(AA27-AA24)/AA24 -> 0.0073304826 | AC27: 196.6 | AD27: =(AC27-AC24)/AC24 -> 0.011837365 | AE27: 180.7 | AF27: =(AE27-AE24)/AE24 -> 0.0066852368 | AG27: 202.7 | AH27: =(AG27-AG24)/AG24 -> 0.0054563492 | AI27: 180.3 | AJ27: 167 | AK27: 178.2 | AL27: 173.5 | AM27: 182.8 | AN27: 169.2 | AO27: 180.8 | AP27: 159.8 | AQ27: 168.4 | AR27: 172.5 | AS27: 181.4 | AT27: 170 | AU27: 176.3 | AV27: =SUM(AL27:AT27,G27:AJ27) -> 4411.5847 | AW27: =SUM(AT27,AS27,AR27,AQ27) -> 692.3 | AX27: =SUM(AJ27,AI27) -> 347.3 | AY27: =SUM(AN27,AL27) -> 342.7 | AZ27: =SUM(G27:AG27) -> 2505.8792 | BA27: =AVERAGE(AT27,AS27,AR27,AQ27) -> 173.075 | BB27: =AVERAGE(AL27,AN27) -> 171.35 | BC27: 178.99286 | BD27: =(BC27-BC26)/BC26 -> 0.01700487
A28: Rural+Urban | B28: 2023 | C28: February | D28: =TEXT(DATE(B28, MONTH(1&C28), 1), "mmm-yy") -> Feb-23 | E28: 44958 | F28: Post covid | G28: 174.4 | H28: =(G28-G25)/G25 -> 0.003452244 | I28: 207.7 | J28: =(I28-I25)/I25 -> -0.014238253 | K28: 175.2 | L28: =(K28-K25)/K25 -> -0.099228792 | M28: 177.3 | N28: =(M28-M25)/M25 -> 0.015463918 | O28: 179.3 | P28: =(O28-O25)/O25 -> -0.042200855 | Q28: 169.5 | R28: =(Q28-Q25)/Q25 -> 0.070751737 | S28: 152.7 | T28: =(S28-S25)/S25 -> -0.007797271 | U28: 171 | V28: =(U28-U25)/U25 -> 0.00058513751 | W28: 120 | X28: =(W28-W25)/W25 -> -0.0090834021 | Y28: 209.7 | Z28: =(Y28-Y25)/Y25 -> 0.0062380038 | AA28: 172.3 | AB28: =(AA28-AA25)/AA25 -> 0.0052508751 | AC28: 193 | AD28: =(AC28-AC25)/AC25 -> 0.0094142259 | AE28: 177 | AF28: =(AE28-AE25)/AE25 -> 0.0016977929 | AG28: 199.5 | AH28: =(AG28-AG25)/AG25 -> 0.0065590313 | AI28: 186.2 | AJ28: 178.7 | AK28: 185.1 | AL28: 173.5 | AM28: 182.1 | AN28: 174.2 | AO28: 184.4 | AP28: 164.2 | AQ28: 170.3 | AR28: 175 | AS28: 181 | AT28: 174.1 | AU28: 177.2 | AV28: =SUM(AL28:AT28,G28:AJ28) -> 4422.2469 | AW28: =SUM(AT28,AS28,AR28,AQ28) -> 700.4 | AX28: =SUM(AJ28,AI28) -> 364.9 | AY28: =SUM(AN28,AL28) -> 347.7 | AZ28: =SUM(G28:AG28) -> 2478.5403 | BA28: =AVERAGE(AT28,AS28,AR28,AQ28) -> 175.1 | BB28: =AVERAGE(AL28,AN28) -> 173.85 | BC28: 177.04286 | BD28: =(BC28-BC27)/BC27 -> -0.010894289
A29: Rural | B29: 2023 | C29: March | D29: =TEXT(DATE(B29, MONTH(1&C29), 1), "mmm-yy") -> Mar-23 | E29: 44986 | F29: Post covid | G29: 174.3 | H29: =(G29-G26)/G26 -> 0.00057405281 | I29: 205.2 | J29: =(I29-I26)/I26 -> 0 | K29: 173.9 | L29: =(K29-K26)/K26 -> 0 | M29: 177 | N29: =(M29-M26)/M26 -> 0 | O29: 183.3 | P29: =(O29-O26)/O26 -> -0.00054525627 | Q29: 167.2 | R29: =(Q29-Q26)/Q26 -> 0 | S29: 140.9 | T29: =(S29-S26)/S26 -> 0 | U29: 170.5 | V29: =(U29-U26)/U26 -> 0.00058685446 | W29: 119.1 | X29: =(W29-W26)/W26 -> 0 | Y29: 212.1 | Z29: =(Y29-Y26)/Y26 -> 0 | AA29: 177.6 | AB29: =(AA29-AA26)/AA26 -> 0 | AC29: 189.9 | AD29: =(AC29-AC26)/AC26 -> 0 | AE29: 174.8 | AF29: =(AE29-AE26)/AE26 -> 0 | AG29: 198.4 | AH29: =(AG29-AG26)/AG26 -> 0.00050428643 | AI29: 190 | AJ29: 187 | AK29: 189.6 | AL29: ='Handle missing value sheet only'!$C$1 -> 139.27097 | AM29: 181.4 | AN29: 178.6 | AO29: 186.6 | AP29: 169 | AQ29: 172.8 | AR29: 178.5 | AS29: 180.7 | AT29: 177.9 | AU29: 178 | AV29: =SUM(AL29:AT29,G29:AJ29) -> 4405.9721 | AW29: =SUM(AT29,AS29,AR29,AQ29) -> 709.9 | AX29: =SUM(AJ29,AI29) -> 377 | AY29: =SUM(AN29,AL29) -> 317.87097 | AZ29: =SUM(G29:AG29) -> 2464.2006 | BA29: =AVERAGE(AT29,AS29,AR29,AQ29) -> 177.475 | BB29: =AVERAGE(AL29,AN29) -> 158.93548 | BC29: 176.01429 | BD29: =(BC29-BC28)/BC28 -> -0.0058097313
A30: Urban | B30: 2023 | C30: March | D30: =TEXT(DATE(B30, MONTH(1&C30), 1), "mmm-yy") -> Mar-23 | E30: 44986 | F30: Post covid | G30: 174.7 | H30: =(G30-G27)/G27 -> 0 | I30: 212.2 | J30: =(I30-I27)/I27 -> 0 | K30: 177.2 | L30: =(K30-K27)/K27 -> 0 | M30: 177.9 | N30: =(M30-M27)/M27 -> 0 | O30: 172.2 | P30: =(O30-O27)/O27 -> 0 | Q30: 172.1 | R30: =(Q30-Q27)/Q27 -> 0 | S30: 175.9 | T30: =(S30-S27)/S27 -> 0.00056882821 | U30: 172.2 | V30: =(U30-U27)/U27 -> 0 | W30: 121.9 | X30: =(W30-W27)/W27 -> 0 | Y30: 204.8 | Z30: =(Y30-Y27)/Y27 -> 0 | AA30: 164.9 | AB30: =(AA30-AA27)/AA27 -> 0 | AC30: 196.6 | AD30: =(AC30-AC27)/AC27 -> 0 | AE30: 180.8 | AF30: =(AE30-AE27)/AE27 -> 0.00055340343 | AG30: 202.7 | AH30: =(AG30-AG27)/AG27 -> 0 | AI30: 180.2 | AJ30: 167 | AK30: 178.2 | AL30: 173.5 | AM30: 182.6 | AN30: 169.2 | AO30: 180.8 | AP30: 159.8 | AQ30: 168.4 | AR30: 172.5 | AS30: 181.5 | AT30: 170 | AU30: 176.3 | AV30: =SUM(AL30:AT30,G30:AJ30) -> 4411.6011 | AW30: =SUM(AT30,AS30,AR30,AQ30) -> 692.4 | AX30: =SUM(AJ30,AI30) -> 347.2 | AY30: =SUM(AN30,AL30) -> 342.7 | AZ30: =SUM(G30:AG30) -> 2506.1011 | BA30: =AVERAGE(AT30,AS30,AR30,AQ30) -> 173.1 | BB30: =AVERAGE(AL30,AN30) -> 171.35 | BC30: 179.00714 | BD30: =(BC30-BC29)/BC29 -> 0.01700349
A31: Rural+Urban | B31: 2023 | C31: March | D31: =TEXT(DATE(B31, MONTH(1&C31), 1), "mmm-yy") -> Mar-23 | E31: 44986 | F31: Post covid | G31: 174.4 | H31: =(G31-G28)/G28 -> 0 | I31: 207.7 | J31: =(I31-I28)/I28 -> 0 | K31: 175.2 | L31: =(K31-K28)/K28 -> 0 | M31: 177.3 | N31: =(M31-M28)/M28 -> 0 | O31: 179.2 | P31: =(O31-O28)/O28 -> -0.00055772448 | Q31: 169.5 | R31: =(Q31-Q28)/Q28 -> 0 | S31: 152.8 | T31: =(S31-S28)/S28 -> 0.00065487885 | U31: 171.1 | V31: =(U31-U28)/U28 -> 0.00058479532 | W31: 120 | X31: =(W31-W28)/W28 -> 0 | Y31: 209.7 | Z31: =(Y31-Y28)/Y28 -> 0 | AA31: 172.3 | AB31: =(AA31-AA28)/AA28 -> 0 | AC31: 193 | AD31: =(AC31-AC28)/AC28 -> 0 | AE31: 177 | AF31: =(AE31-AE28)/AE28 -> 0 | AG31: 199.5 | AH31: =(AG31-AG28)/AG28 -> 0 | AI31: 186.1 | AJ31: 178.7 | AK31: 185.1 | AL31: 173.5 | AM31: 181.9 | AN31: 174.2 | AO31: 184.4 | AP31: 164.2 | AQ31: 170.3 | AR31: 175 | AS31: 181 | AT31: 174.1 | AU31: 177.2 | AV31: =SUM(AL31:AT31,G31:AJ31) -> 4422.1007 | AW31: =SUM(AT31,AS31,AR31,AQ31) -> 700.4 | AX31: =SUM(AJ31,AI31) -> 364.8 | AY31: =SUM(AN31,AL31) -> 347.7 | AZ31: =SUM(G31:AG31) -> 2478.7007 | BA31: =AVERAGE(AT31,AS31,AR31,AQ31) -> 175.1 | BB31: =AVERAGE(AL31,AN31) -> 173.85 | BC31: 177.05 | BD31: =(BC31-BC30)/BC30 -> -0.010933323
A32: Rural | B32: 2023 | C32: April | D32: =TEXT(DATE(B32, MONTH(1&C32), 1), "mmm-yy") -> Apr-23 | E32: 45017 | F32: Post covid | G32: 173.3 | H32: =(G32-G29)/G29 -> -0.0057372347 | I32: 206.9 | J32: =(I32-I29)/I29 -> 0.0082846004 | K32: 167.9 | L32: =(K32-K29)/K29 -> -0.034502588 | M32: 178.2 | N32: =(M32-M29)/M29 -> 0.006779661 | O32: 178.5 | P32: =(O32-O29)/O29 -> -0.026186579 | Q32: 173.7 | R32: =(Q32-Q29)/Q29 -> 0.038875598 | S32: 142.8 | T32: =(S32-S29)/S29 -> 0.013484741 | U32: 172.8 | V32: =(U32-U29)/U29 -> 0.013489736 | W32: 120.4 | X32: =(W32-W29)/W29 -> 0.010915197 | Y32: 215.5 | Z32: =(Y32-Y29)/Y29 -> 0.016030174 | AA32: 178.2 | AB32: =(AA32-AA29)/AA29 -> 0.0033783784 | AC32: 190.5 | AD32: =(AC32-AC29)/AC29 -> 0.0031595577 | AE32: 175.5 | AF32: =(AE32-AE29)/AE29 -> 0.0040045767 | AG32: 199.5 | AH32: =(AG32-AG29)/AG29 -> 0.0055443548 | AI32: 190.7 | AJ32: 187.3 | AK32: 190.2 | AL32: ='Handle missing value sheet only'!$C$1 -> 139.27097 | AM32: 181.5 | AN32: 179.1 | AO32: 187.2 | AP32: 169.4 | AQ32: 173.2 | AR32: 179.4 | AS32: 183.8 | AT32: 178.9 | AU32: 178.8 | AV32: =SUM(AL32:AT32,G32:AJ32) -> 4423.5285 | AW32: =SUM(AT32,AS32,AR32,AQ32) -> 715.3 | AX32: =SUM(AJ32,AI32) -> 378 | AY32: =SUM(AN32,AL32) -> 318.37097 | AZ32: =SUM(G32:AG32) -> 2473.752 | BA32: =AVERAGE(AT32,AS32,AR32,AQ32) -> 178.825 | BB32: =AVERAGE(AL32,AN32) -> 159.18548 | BC32: 176.69286 | BD32: =(BC32-BC31)/BC31 -> -0.0020171864
A33: Urban | B33: 2023 | C33: April | D33: =TEXT(DATE(B33, MONTH(1&C33), 1), "mmm-yy") -> Apr-23 | E33: 45017 | F33: Post covid | G33: 174.8 | H33: =(G33-G30)/G30 -> 0.00057240985 | I33: 213.7 | J33: =(I33-I30)/I30 -> 0.007068803 | K33: 172.4 | L33: =(K33-K30)/K30 -> -0.027088036 | M33: 178.8 | N33: =(M33-M30)/M30 -> 0.0050590219 | O33: 168.7 | P33: =(O33-O30)/O30 -> -0.020325203 | Q33: 179.2 | R33: =(Q33-Q30)/Q30 -> 0.041255084 | S33: 179.9 | T33: =(S33-S30)/S30 -> 0.022740193 | U33: 174.7 | V33: =(U33-U30)/U30 -> 0.014518002 | W33: 123.1 | X33: =(W33-W30)/W30 -> 0.0098441345 | Y33: 207.8 | Z33: =(Y33-Y30)/Y30 -> 0.014648438 | AA33: 165.5 | AB33: =(AA33-AA30)/AA30 -> 0.0036385688 | AC33: 197 | AD33: =(AC33-AC30)/AC30 -> 0.002034588 | AE33: 182.1 | AF33: =(AE33-AE30)/AE30 -> 0.0071902655 | AG33: 203.5 | AH33: =(AG33-AG30)/AG30 -> 0.0039467193 | AI33: 181 | AJ33: 167.7 | AK33: 178.9 | AL33: 175.2 | AM33: 182.1 | AN33: 169.6 | AO33: 181.5 | AP33: 160.1 | AQ33: 168.8 | AR33: 174.2 | AS33: 184.4 | AT33: 170.9 | AU33: 177.4 | AV33: =SUM(AL33:AT33,G33:AJ33) -> 4436.7851 | AW33: =SUM(AT33,AS33,AR33,AQ33) -> 698.3 | AX33: =SUM(AJ33,AI33) -> 348.7 | AY33: =SUM(AN33,AL33) -> 344.8 | AZ33: =SUM(G33:AG33) -> 2521.2812 | BA33: =AVERAGE(AT33,AS33,AR33,AQ33) -> 174.575 | BB33: =AVERAGE(AL33,AN33) -> 172.4 | BC33: 180.08571 | BD33: =(BC33-BC32)/BC32 -> 0.019202005
A34: Rural+Urban | B34: 2023 | C34: April | D34: =TEXT(DATE(B34, MONTH(1&C34), 1), "mmm-yy") -> Apr-23 | E34: 45017 | F34: Post covid | G34: 173.8 | H34: =(G34-G31)/G31 -> -0.003440367 | I34: 209.3 | J34: =(I34-I31)/I31 -> 0.0077034184 | K34: 169.6 | L34: =(K34-K31)/K31 -> -0.03196347 | M34: 178.4 | N34: =(M34-M31)/M31 -> 0.0062041737 | O34: 174.9 | P34: =(O34-O31)/O31 -> -0.023995536 | Q34: 176.3 | R34: =(Q34-Q31)/Q31 -> 0.040117994 | S34: 155.4 | T34: =(S34-S31)/S31 -> 0.017015707 | U34: 173.4 | V34: =(U34-U31)/U31 -> 0.013442431 | W34: 121.3 | X34: =(W34-W31)/W31 -> 0.010833333 | Y34: 212.9 | Z34: =(Y34-Y31)/Y31 -> 0.015259895 | AA34: 172.9 | AB34: =(AA34-AA31)/AA31 -> 0.0034822983 | AC34: 193.5 | AD34: =(AC34-AC31)/AC31 -> 0.0025906736 | AE34: 177.9 | AF34: =(AE34-AE31)/AE31 -> 0.0050847458 | AG34: 200.6 | AH34: =(AG34-AG31)/AG31 -> 0.0055137845 | AI34: 186.9 | AJ34: 179.2 | AK34: 185.7 | AL34: 175.2 | AM34: 181.7 | AN34: 174.6 | AO34: 185 | AP34: 164.5 | AQ34: 170.7 | AR34: 176.4 | AS34: 184 | AT34: 175 | AU34: 178.1 | AV34: =SUM(AL34:AT34,G34:AJ34) -> 4443.4678 | AW34: =SUM(AT34,AS34,AR34,AQ34) -> 706.1 | AX34: =SUM(AJ34,AI34) -> 366.1 | AY34: =SUM(AN34,AL34) -> 349.8 | AZ34: =SUM(G34:AG34) -> 2490.2623 | BA34: =AVERAGE(AT34,AS34,AR34,AQ34) -> 176.525 | BB34: =AVERAGE(AL34,AN34) -> 174.9 | BC34: 177.87143 | BD34: =(BC34-BC33)/BC33 -> -0.012295732
A35: Rural | B35: 2023 | C35: May | D35: =TEXT(DATE(B35, MONTH(1&C35), 1), "mmm-yy") -> May-23 | E35: 45047 | F35: Post covid | G35: 173.2 | H35: =(G35-G32)/G32 -> -0.00057703405 | I35: 211.5 | J35: =(I35-I32)/I32 -> 0.022232963 | K35: 171 | L35: =(K35-K32)/K32 -> 0.018463371 | M35: 179.6 | N35: =(M35-M32)/M32 -> 0.0078563412 | O35: 173.3 | P35: =(O35-O32)/O32 -> -0.029131653 | Q35: 169 | R35: =(Q35-Q32)/Q32 -> -0.027058146 | S35: 148.7 | T35: =(S35-S32)/S32 -> 0.041316527 | U35: 174.9 | V35: =(U35-U32)/U32 -> 0.012152778 | W35: 121.9 | X35: =(W35-W32)/W32 -> 0.012458472 | Y35: 221 | Z35: =(Y35-Y32)/Y32 -> 0.025522042 | AA35: 178.7 | AB35: =(AA35-AA32)/AA32 -> 0.0028058361 | AC35: 191.1 | AD35: =(AC35-AC32)/AC32 -> 0.0031496063 | AE35: 176.8 | AF35: =(AE35-AE32)/AE32 -> 0.0074074074 | AG35: 199.9 | AH35: =(AG35-AG32)/AG32 -> 0.0020050125 | AI35: 191.2 | AJ35: 187.9 | AK35: 190.8 | AL35: ='Handle missing value sheet only'!$C$1 -> 139.27097 | AM35: 182.5 | AN35: 179.8 | AO35: 187.8 | AP35: 169.7 | AQ35: 173.8 | AR35: 180.3 | AS35: 184.9 | AT35: 179.5 | AU35: 179.8 | AV35: =SUM(AL35:AT35,G35:AJ35) -> 4447.3696 | AW35: =SUM(AT35,AS35,AR35,AQ35) -> 718.5 | AX35: =SUM(AJ35,AI35) -> 379.1 | AY35: =SUM(AN35,AL35) -> 319.07097 | AZ35: =SUM(G35:AG35) -> 2490.6966 | BA35: =AVERAGE(AT35,AS35,AR35,AQ35) -> 179.625 | BB35: =AVERAGE(AL35,AN35) -> 159.53548 | BC35: 177.9 | BD35: =(BC35-BC34)/BC34 -> 0.00016062967
A36: Urban | B36: 2023 | C36: May | D36: =TEXT(DATE(B36, MONTH(1&C36), 1), "mmm-yy") -> May-23 | E36: 45047 | F36: Post covid | G36: 174.7 | H36: =(G36-G33)/G33 -> -0.00057208238 | I36: 219.4 | J36: =(I36-I33)/I33 -> 0.026672906 | K36: 176.7 | L36: =(K36-K33)/K33 -> 0.024941995 | M36: 179.4 | N36: =(M36-M33)/M33 -> 0.0033557047 | O36: 164.4 | P36: =(O36-O33)/O33 -> -0.025489034 | Q36: 175.8 | R36: =(Q36-Q33)/Q33 -> -0.018973214 | S36: 185 | T36: =(S36-S33)/S33 -> 0.028349083 | U36: 176.9 | V36: =(U36-U33)/U33 -> 0.012593017 | W36: 124.2 | X36: =(W36-W33)/W33 -> 0.0089358245 | Y36: 211.9 | Z36: =(Y36-Y33)/Y33 -> 0.01973051 | AA36: 165.9 | AB36: =(AA36-AA33)/AA33 -> 0.0024169184 | AC36: 197.7 | AD36: =(AC36-AC33)/AC33 -> 0.0035532995 | AE36: 183.1 | AF36: =(AE36-AE33)/AE33 -> 0.0054914882 | AG36: 204.2 | AH36: =(AG36-AG33)/AG33 -> 0.0034398034 | AI36: 181.3 | AJ36: 168.1 | AK36: 179.3 | AL36: 175.6 | AM36: 183.4 | AN36: 170.1 | AO36: 182.2 | AP36: 160.4 | AQ36: 169.2 | AR36: 174.8 | AS36: 185.6 | AT36: 171.6 | AU36: 178.2 | AV36: =SUM(AL36:AT36,G36:AJ36) -> 4461.6944 | AW36: =SUM(AT36,AS36,AR36,AQ36) -> 701.2 | AX36: =SUM(AJ36,AI36) -> 349.4 | AY36: =SUM(AN36,AL36) -> 345.7 | AZ36: =SUM(G36:AG36) -> 2539.391 | BA36: =AVERAGE(AT36,AS36,AR36,AQ36) -> 175.3 | BB36: =AVERAGE(AL36,AN36) -> 172.85 | BC36: 181.37857 | BD36: =(BC36-BC35)/BC35 -> 0.019553521
A37: Rural+Urban | B37: 2023 | C37: May | D37: =TEXT(DATE(B37, MONTH(1&C37), 1), "mmm-yy") -> May-23 | E37: 45047 | F37: Post covid | G37: 173.7 | H37: =(G37-G34)/G34 -> -0.00057537399 | I37: 214.3 | J37: =(I37-I34)/I34 -> 0.023889154 | K37: 173.2 | L37: =(K37-K34)/K34 -> 0.021226415 | M37: 179.5 | N37: =(M37-M34)/M34 -> 0.0061659193 | O37: 170 | P37: =(O37-O34)/O34 -> -0.028016009 | Q37: 172.2 | R37: =(Q37-Q34)/Q34 -> -0.023255814 | S37: 161 | T37: =(S37-S34)/S34 -> 0.036036036 | U37: 175.6 | V37: =(U37-U34)/U34 -> 0.012687428 | W37: 122.7 | X37: =(W37-W34)/W34 -> 0.011541632 | Y37: 218 | Z37: =(Y37-Y34)/Y34 -> 0.023954908 | AA37: 173.4 | AB37: =(AA37-AA34)/AA34 -> 0.002891845 | AC37: 194.2 | AD37: =(AC37-AC34)/AC34 -> 0.0036175711 | AE37: 179.1 | AF37: =(AE37-AE34)/AE34 -> 0.0067453626 | AG37: 201 | AH37: =(AG37-AG34)/AG34 -> 0.0019940179 | AI37: 187.3 | AJ37: 179.7 | AK37: 186.2 | AL37: 175.6 | AM37: 182.8 | AN37: 175.2 | AO37: 185.7 | AP37: 164.8 | AQ37: 171.2 | AR37: 177.1 | AS37: 185.2 | AT37: 175.7 | AU37: 179.1 | AV37: =SUM(AL37:AT37,G37:AJ37) -> 4468.2989 | AW37: =SUM(AT37,AS37,AR37,AQ37) -> 709.2 | AX37: =SUM(AJ37,AI37) -> 367 | AY37: =SUM(AN37,AL37) -> 350.8 | AZ37: =SUM(G37:AG37) -> 2507.9969 | BA37: =AVERAGE(AT37,AS37,AR37,AQ37) -> 177.3 | BB37: =AVERAGE(AL37,AN37) -> 175.4 | BC37: 179.13571 | BD37: =(BC37-BC36)/BC36 -> -0.012365613
N40: catagories | O40: sum of catogories for rural | P40: sum of catogories for urban | Q40: sum of catogories for R+U
A41: Sector | B41: Rural+Urban | N41: Cereals and products | O41: =SUM(H5:H35) -> 0.34066704 | P41: =SUM(H6:H36) -> 0.33099223 | Q41: =SUM(H7:H37) -> 0.31898829
N42: Meat and fish | O42: =SUM(J5:J35) -> -0.11422774 | P42: =SUM(J6:J36) -> -0.0580889 | Q42: =SUM(J7:J37) -> -0.0059992089
A43: Average of Average Food Expences | N43: Egg | O43: =SUM(L5:L35) -> 0.028960684 | P43: =SUM(L6:L36) -> 0.026190415 | Q43: =SUM(L7:L37) -> 0.025426089
A44: short month and year | B44: Total | N44: Milk and products | O44: =SUM(N5:N35) -> 0.22853461 | P44: =SUM(N6:N36) -> 0.22644896 | Q44: =SUM(N7:N37) -> 0.22840815
A45: Jun-22 | B45: 175.44286 | N45: Oils and fats | O45: =SUM(P5:P35) -> -0.42672501 | P45: =SUM(P6:P36) -> -0.42386229 | Q45: =SUM(P7:P37) -> -0.43172984
A46: Jul-22 | B46: 175.77857 | N46: Fruits | O46: =SUM(R5:R35) -> 0.10135142 | P46: =SUM(R6:R36) -> 0.059459022 | Q46: =SUM(R7:R37) -> 0.0051865507
A47: Aug-22 | B47: 176.01429 | N47: Vegetables | O47: =SUM(T5:T35) -> -0.39266581 | P47: =SUM(T6:T36) -> -0.3720872 | Q47: =SUM(T7:T37) -> -0.32186677
A48: Sep-22 | B48: 176.91429 | N48: Pulses and products | O48: =SUM(V5:V35) -> 0.18137341 | P48: =SUM(V6:V36) -> 0.19518149 | Q48: =SUM(V7:V37) -> 0.20542393
A49: Oct-22 | B49: 178.11429 | N49: Sugar and Confectionery | O49: =SUM(X5:X35) -> 0.049319051 | P49: =SUM(X6:X36) -> 0.057415245 | Q49: =SUM(X7:X37) -> 0.068133154
A50: Nov-22 | B50: 178.12143 | N50: Spices | O50: =SUM(Z5:Z35) -> 0.41380298 | P50: =SUM(Z6:Z36) -> 0.41818145 | Q50: =SUM(Z7:Z37) -> 0.42687751
A51: Dec-22 | B51: 177.19286 | N51: Non-alcoholic beverages | O51: =SUM(AB5:AB35) -> 0.094469396 | P51: =SUM(AB6:AB36) -> 0.095164156 | Q51: =SUM(AB7:AB37) -> 0.093656253
A52: Jan-23 | B52: 177.92143 | N52: Prepared meals, snacks, sweets etc. | O52: =SUM(AD5:AD35) -> 0.15656526 | P52: =SUM(AD6:AD36) -> 0.15352153 | Q52: =SUM(AD7:AD37) -> 0.14962434
A53: Feb-23 | B53: 177.04286 | N53: Food and beverages | O53: =SUM(AF5:AF35) -> 0.058537164 | P53: =SUM(AF6:AF36) -> 0.063448606 | Q53: =SUM(AF7:AF37) -> 0.069636244
A54: Mar-23 | B54: 177.05 | N54: Pan, tobacco and intoxicants | O54: =SUM(AH5:AH35) -> 0.093634844 | P54: =SUM(AH6:AH36) -> 0.095519438 | Q54: =SUM(AH7:AH37) -> 0.096000596
A55: Apr-23 | B55: 177.87143
A56: May-23 | B56: 179.13571
A57: Grand Total | B57: 177.21667
A66: Sector | B66: Rural+Urban
A68: Sum of Mom Change %
A69: short month and year | B69: Total
A70: Jun-22 | B70: -0.011907635
A71: Jul-22 | B71: -0.011766123
A72: Aug-22 | B72: -0.011314396
A73: Sep-22 | B73: -0.011691473
A74: Oct-22 | B74: -0.011417697
A75: Nov-22 | B75: -0.0084691849
A76: Dec-22 | B76: -0.0064880452
A77: Jan-23 | B77: -0.0083207262
A78: Feb-23 | B78: -0.010894289
A79: Mar-23 | B79: -0.010933323
A80: Apr-23 | B80: -0.012295732
A81: May-23 | B81: -0.012365613
A82: Grand Total | B82: -0.12786424

Sheet solution 4 
A1: Sector | B1: short month and year | C1: Sum of food expences | D1: Health | E1: sum of others
A2: Rural | B2: Jan-18 | C2: 1954.3 | D2: 136 | E2: 536.8
A3: Urban | B3: Jan-18 | C3: 1906 | D3: 129 | E3: 514.6
A4: Rural+Urban | B4: Jan-18 | C4: 1934.6 | D4: 133.3 | E4: 525.1
A5: Rural | B5: Mar-18 | C5: 1937.1 | D5: 136.7 | E5: 540.4
A6: Urban | B6: Mar-18 | C6: 1875.2 | D6: 130.5 | E6: 518.4
A7: Rural+Urban | B7: Mar-18 | C7: 1912.3 | D7: 134.3 | E7: 528.7
A8: Rural | B8: Dec-18 | C8: 1935.5 | D8: 149.6 | E8: 573.2
A9: Urban | B9: Dec-18 | C9: 1911.2 | D9: 137.3 | E9: 540.7
A10: Rural+Urban | B10: Dec-18 | C10: 1925.8 | D10: 144.9 | E10: 555.9
A11: Rural | B11: Jan-19 | C11: 1922.3 | D11: 149.6 | E11: 573.3
A12: Urban | B12: Jan-19 | C12: 1909 | D12: 137.8 | E12: 542
A13: Rural+Urban | B13: Jan-19 | C13: 1916.6 | D13: 145.1 | E13: 556.6
... A34: Rural+Urban | B34: Mar-21 | C34: 2227.5 | D34: 161.7 | E34: 620.4
A35: Rural | B35: Dec-21 | C35: 2359 | D35: 174 | E35: 663 | P35: sectore | Q35: catagories | R35: year | S35: Inflation Food | T35: Inflation Health | U35: Inflation Essential
A36: Urban | B36: Dec-21 | C36: 2403.1 | D36: 165.1 | E36: 638.4 | P36: Rural | Q36: Pre Covid | R36: 2018
A37: Rural+Urban | B37: Dec-21 | C37: 2373.3 | D37: 170.6 | E37: 649.6 | R37: 2019
A38: Rural | B38: Jan-22 | C38: 2343.7 | D38: 174.7 | E38: 664.6 | P38: Urban | Q38: covid | R38: 2020
A39: Urban | B39: Jan-22 | C39: 2383.1 | D39: 166.1 | E39: 640.8 | P39: Rural + urban | Q39: Post covid | R39: 2021
A40: Rural+Urban | B40: Jan-22 | C40: 2356.4 | D40: 171.4 | E40: 651.6 | R40: 2022
A41: Rural | B41: Mar-22 | C41: 2371.4 | D41: 176 | E41: 672.9
A42: Urban | B42: Mar-22 | C42: 2393.8 | D42: 168.2 | E42: 650.9
A43: Rural+Urban | B43: Mar-22 | C43: 2377.9 | D43: 173 | E43: 661.1
A44: Rural | B44: Dec-22 | C44: 2473 | D44: 183.5 | E44: 699.7
A45: Urban | B45: Dec-22 | C45: 2496.9 | D45: 177.2 | E45: 683.1
A46: Rural+Urban | B46: Dec-22 | C46: 2480.7 | D46: 181.1 | E46: 690.8
D48: For rural | I48: For urban | P48: For R+U
C49: catagories | D49: year | E49: Inflation Food | F49: Inflation Health | G49: Inflation Essential | I49: catagories | K49: year | L49: Inflation Food | M49: Inflation Health | N49: Inflation Essential | P49: catagories | R49: year | S49: Inflation Food | T49: Inflation Health | U49: Inflation Essential
C50: Pre Covid | D50: 2018 | E50: =(C8-C2)/C2 -> -0.0096198127 | F50: =(D8-D2)/D2 -> 0.1 | G50: =(E8-E2)/E2 -> 0.06780924 | I50: Pre Covid | K50: 2018 | L50: =(C9-C3)/C3 -> 0.0027282267 | M50: =(D9-D3)/D3 -> 0.064341085 | N50: =(E9-E3)/E3 -> 0.050719005 | P50: Pre Covid | R50: 2018 | S50: =(C10-C4)/C4 -> -0.0045487439 | T50: =(D10-D4)/D4 -> 0.087021755 | U50: =(E10-E4)/E4 -> 0.058655494
D51: 2019 | E51: =(C17-C11)/C11 -> 0.097019196 | F51: =(D17-D11)/D11 -> 0.034759358 | G51: =(E17-E11)/E11 -> 0.043607186 | K51: 2019 | L51: =(C18-C12)/C12 -> 0.1142483 | M51: =(D18-D12)/D12 -> 0.039187228 | N51: =(E18-E12)/E12 -> 0.045387454 | R51: 2019 | S51: =(C19-C13)/C13 -> 0.10330794 | T51: =(D19-D13)/D13 -> 0.036526533 | U51: =(E19-E13)/E13 -> 0.043657923
C52: covid | D52: 2020 | E52: =(C26-C20)/C20 -> 0.083950266 | F52: =(D26-D20)/D20 -> 0.037893385 | G52: =(E26-E20)/E20 -> 0.043492696 | I52: covid | K52: 2020 | L52: =(C27-C21)/C21 -> 0.094225499 | M52: =(D27-D21)/D21 -> 0.063282337 | N52: =(E27-E21)/E21 -> 0.063531064 | P52: covid | R52: 2020 | S52: =(C28-C22)/C22 -> 0.087646947 | T52: =(D28-D22)/D22 -> 0.046957672 | U52: =(E28-E22)/E22 -> 0.054054054
C53: Post covid | D53: 2021 | E53: =(C35-C29)/C29 -> 0.04830467 | F53: =(D35-D29)/D29 -> 0.070769231 | G53: =(E35-E29)/E29 -> 0.051212938 | I53: Post covid | K53: 2021 | L53: =(C36-C30)/C30 -> 0.049938833 | M53: =(D36-D30)/D30 -> 0.071382219 | N53: =(E36-E30)/E30 -> 0.052076467 | P53: Post covid | R53: 2021 | S53: =(C37-C31)/C31 -> 0.04874061 | T53: =(D37-D31)/D31 -> 0.070935342 | U53: =(E37-E31)/E31 -> 0.051983806
D54: 2022 | E54: =(C44-C38)/C38 -> 0.055169177 | F54: =(D44-D38)/D38 -> 0.050372066 | G54: =(E44-E38)/E38 -> 0.052813723 | K54: 2022 | L54: =(C45-C39)/C39 -> 0.047752927 | M54: =(D45-D39)/D39 -> 0.066827213 | N54: =(E45-E39)/E39 -> 0.066011236 | R54: 2022 | S54: =(C46-C40)/C40 -> 0.052749958 | T54: =(D46-D40)/D40 -> 0.056592765 | U54: =(E46-E40)/E40 -> 0.060159607

Sheet solution 5 
A1: Sector | B1: Year | C1: Month | D1: short month and year | E1: date | F1: Pre/Post Covid | G1: Crude oil | H1: Cereals and products | I1: Meat and fish | J1: Egg | K1: Milk and products | L1: Oils and fats | M1: Fruits | N1: Vegetables | O1: Pulses and products | P1: Sugar and Confectionery | Q1: Spices | R1: Non-alcoholic beverages | S1: Prepared meals, snacks, sweets etc. | T1: Food and beverages | U1: Pan, tobacco and intoxicants | V1: Clothing | W1: Footwear | X1: Clothing and footwear | Y1: Housing | Z1: Fuel and light | AA1: Household goods and services | AB1: Health | AC1: Transport and communication | AD1: Recreation and amusement | AE1: Education | AF1: Personal care and effects | AG1: Miscellaneous | AH1: General index | AI1: Total Expences | AJ1: sum of others | AK1: sum of clothing | AL1: Sum Housing Exepences | AM1: Sum of food expences | AN1: Average Other Expences | AO1: Average Housing Expences | AP1: Average Food Expences
A2: Rural | B2: 2021 | C2: January | D2: Jan-21 | E2: 44197 | F2: Post covid | H2: 143.4 | I2: 187.5 | J2: 173.4 | K2: 154 | L2: 154.8 | M2: 147 | N2: 187.8 | O2: 159.5 | P2: 113.8 | Q2: 164.5 | R2: 156.1 | S2: 164.3 | T2: 159.6 | U2: 184.6 | V2: 157.5 | W2: 152.4 | X2: 156.8 | Y2: 139.27097 | Z2: 150.9 | AA2: 153.9 | AB2: 162.5 | AC2: 147.5 | AD2: 155.1 | AE2: 163.5 | AF2: 156.2 | AG2: 155.9 | AH2: 158.5 | AI2: 3944.971 | AJ2: 630.7 | AK2: 309.9 | AL2: 293.17097 | AM2: 2250.3 | AN2: 157.675 | AO2: 146.58548 | AP2: 160.73571
A3: Urban | B3: 2021 | C3: January | D3: Jan-21 | E3: 44197 | F3: Post covid | H3: 148 | I3: 194.8 | J3: 178.4 | K3: 154.4 | L3: 144.1 | M3: 152.6 | N3: 206.8 | O3: 162.1 | P3: 116.3 | Q3: 163 | R3: 145.9 | S3: 167.2 | T3: 163.4 | U3: 191.8 | V3: 152.5 | W3: 137.3 | X3: 150.2 | Y3: 157.7 | Z3: 142.9 | AA3: 145.7 | AB3: 154.1 | AC3: 136.9 | AD3: 145.4 | AE3: 156.1 | AF3: 157.7 | AG3: 147.6 | AH3: 156 | AI3: 3922.7 | AJ3: 606.8 | AK3: 289.8 | AL3: 303.4 | AM3: 2288.8 | AN3: 151.7 | AO3: 151.7 | AP3: 163.48571
A4: Rural+Urban | B4: 2021 | C4: January | D4: Jan-21 | E4: 44197 | F4: Post covid | G4: 86692.515 | H4: 144.9 | I4: 190.1 | J4: 175.3 | K4: 154.1 | L4: 150.9 | M4: 149.6 | N4: 194.2 | O4: 160.4 | P4: 114.6 | Q4: 164 | R4: 151.8 | S4: 165.6 | T4: 161 | U4: 186.5 | V4: 155.5 | W4: 146.1 | X4: 154.2 | Y4: 157.7 | Z4: 147.9 | AA4: 150 | AB4: 159.3 | AC4: 141.9 | AD4: 149.6 | AE4: 159.2 | AF4: 156.8 | AG4: 151.9 | AH4: 157.3 | AI4: 3938.9 | AJ4: 617.5 | AK4: 301.6 | AL4: 307.7 | AM4: 2263 | AN4: 154.375 | AO4: 153.85 | AP4: 161.64286
A5: Rural | B5: 2021 | C5: February | D5: Feb-21 | E5: 44228 | F5: Post covid | H5: 142.8 | I5: 184 | J5: 168 | K5: 154.4 | L5: 163 | M5: 147.8 | N5: 149.7 | O5: 158.3 | P5: 111.8 | Q5: 165 | R5: 160 | S5: 165.8 | T5: 154.7 | U5: 186.5 | V5: 159.1 | W5: 153.9 | X5: 158.4 | Y5: 139.27097 | Z5: 154.4 | AA5: 154.8 | AB5: 164.3 | AC5: 150.2 | AD5: 157 | AE5: 163.6 | AF5: 155.2 | AG5: 157.2 | AH5: 156.7 | AI5: 3920.771 | AJ5: 633 | AK5: 313 | AL5: 294.07097 | AM5: 2211.8 | AN5: 158.25 | AO5: 147.03548 | AP5: 157.98571
A6: Urban | B6: 2021 | C6: February | D6: Feb-21 | E6: 44228 | F6: Post covid | H6: 147.6 | I6: 191.2 | J6: 169.9 | K6: 155.1 | L6: 151.4 | M6: 154 | N6: 180.2 | O6: 159.8 | P6: 114.9 | Q6: 162.5 | R6: 149.2 | S6: 169.4 | T6: 160.8 | U6: 193.3 | V6: 154.2 | W6: 138.2 | X6: 151.8 | Y6: 159.8 | Z6: 149.1 | AA6: 146.5 | AB6: 156.3 | AC6: 140.5 | AD6: 147.3 | AE6: 156.6 | AF6: 156.7 | AG6: 149.3 | AH6: 156.5 | AI6: 3913.8 | AJ6: 609.9 | AK6: 292.4 | AL6: 306.3 | AM6: 2259.3 | AN6: 152.475 | AO6: 153.15 | AP6: 161.37857
A7: Rural+Urban | B7: 2021 | C7: February | D7: Feb-21 | E7: 44228 | F7: Post covid | G7: 87441.416 | H7: 144.3 | I7: 186.5 | J7: 168.7 | K7: 154.7 | L7: 158.7 | M7: 150.7 | N7: 160 | O7: 158.8 | P7: 112.8 | Q7: 164.2 | R7: 155.5 | S7: 167.5 | T7: 156.9 | U7: 188.3 | V7: 157.2 | W7: 147.4 | X7: 155.8 | Y7: 159.8 | Z7: 152.4 | AA7: 150.9 | AB7: 161.3 | AC7: 145.1 | AD7: 151.5 | AE7: 159.5 | AF7: 155.8 | AG7: 153.4 | AH7: 156.6 | AI7: 3921.9 | AJ7: 620.2 | AK7: 304.6 | AL7: 310.7 | AM7: 2227.6 | AN7: 155.05 | AO7: 155.35 | AP7: 159.11429
A8: Rural | B8: 2021 | C8: March | D8: Mar-21 | E8: 44256 | F8: Post covid | H8: 142.5 | I8: 189.4 | J8: 163.2 | K8: 154.5 | L8: 168.2 | M8: 150.5 | N8: 141 | O8: 159.2 | P8: 111.7 | Q8: 164 | R8: 160.6 | S8: 166.4 | T8: 154.5 | U8: 186.1 | V8: 159.6 | W8: 154.4 | X8: 158.9 | Y8: 139.27097 | Z8: 156 | AA8: 154.8 | AB8: 164.6 | AC8: 151.3 | AD8: 157.8 | AE8: 163.8 | AF8: 153.1 | AG8: 157.3 | AH8: 156.7 | AI8: 3923.771 | AJ8: 632 | AK8: 314 | AL8: 294.07097 | AM8: 2211.8 | AN8: 158 | AO8: 147.03548 | AP8: 157.98571
A9: Urban | B9: 2021 | C9: March | D9: Mar-21 | E9: 44256 | F9: Post covid | H9: 147.5 | I9: 197.5 | J9: 164.7 | K9: 155.6 | L9: 156.4 | M9: 157.3 | N9: 166.1 | O9: 161.1 | P9: 114.3 | Q9: 162.6 | R9: 150.7 | S9: 170.3 | T9: 160.4 | U9: 193.5 | V9: 155.1 | W9: 138.7 | X9: 152.6 | Y9: 159.9 | Z9: 154.8 | AA9: 147.2 | AB9: 156.9 | AC9: 141.7 | AD9: 148.6 | AE9: 157.6 | AF9: 154.9 | AG9: 150 | AH9: 156.9 | AI9: 3923.4 | AJ9: 611.1 | AK9: 293.8 | AL9: 307.1 | AM9: 2258 | AN9: 152.775 | AO9: 153.55 | AP9: 161.28571
A10: Rural+Urban | B10: 2021 | C10: March | D10: Mar-21 | E10: 44256 | F10: Post covid | G10: 113228.87 | H10: 144.1 | I10: 192.2 | J10: 163.8 | K10: 154.9 | L10: 163.9 | M10: 153.7 | N10: 149.5 | O10: 159.8 | P10: 112.6 | Q10: 163.5 | R10: 156.5 | S10: 168.2 | T10: 156.7 | U10: 188.1 | V10: 157.8 | W10: 147.9 | X10: 156.4 | Y10: 159.9 | Z10: 155.5 | AA10: 151.2 | AB10: 161.7 | AC10: 146.2 | AD10: 152.6 | AE10: 160.2 | AF10: 153.8 | AG10: 153.8 | AH10: 156.8 | AI10: 3928.1 | AJ10: 620.4 | AK10: 305.7 | AL10: 311.1 | AM10: 2227.5 | AN10: 155.1 | AO10: 155.55 | AP10: 159.10714
A11: Rural | B11: 2021 | C11: April | D11: Apr-21 | E11: 44287 | F11: Post covid | H11: 142.7 | I11: 195.5 | J11: 163.4 | K11: 155 | L11: 175.2 | M11: 160.6 | N11: 135.1 | O11: 161.1 | P11: 112.2 | Q11: 164.4 | R11: 161.9 | S11: 166.8 | T11: 155.6 | U11: 186.8 | V11: 160.7 | W11: 155.1 | X11: 159.9 | Y11: 139.27097 | Z11: 156 | AA11: 155.5 | AB11: 165.3 | AC11: 151.7 | AD11: 158.6 | AE11: 164.1 | AF11: 154.6 | AG11: 158 | AH11: 157.6 | AI11: 3955.171 | AJ11: 635.3 | AK11: 315.8 | AL11: 294.77097 | AM11: 2236.3 | AN11: 158.825 | AO11: 147.38548 | AP11: 159.73571
A12: Urban | B12: 2021 | C12: April | D12: Apr-21 | E12: 44287 | F12: Post covid | H12: 147.6 | I12: 202.5 | J12: 166.4 | K12: 156 | L12: 161.4 | M12: 168.8 | N12: 161.6 | O12: 162.8 | P12: 114.8 | Q12: 162.8 | R12: 151.5 | S12: 171.4 | T12: 162 | U12: 194.4 | V12: 155.9 | W12: 139.3 | X12: 153.4 | Y12: 161.4 | Z12: 154.9 | AA12: 147.6 | AB12: 157.5 | AC12: 142.1 | AD12: 149.1 | AE12: 157.6 | AF12: 156.6 | AG12: 150.5 | AH12: 158 | AI12: 3956.5 | AJ12: 613.8 | AK12: 295.2 | AL12: 309 | AM12: 2284 | AN12: 153.45 | AO12: 154.5 | AP12: 163.14286
A13: Rural+Urban | B13: 2021 | C13: April | D13: Apr-21 | E13: 44287 | F13: Post covid | G13: 63309.499 | H13: 144.3 | I13: 198 | J13: 164.6 | K13: 155.4 | L13: 170.1 | M13: 164.4 | N13: 144.1 | O13: 161.7 | P13: 113.1 | Q13: 163.9 | R13: 157.6 | S13: 168.9 | T13: 158 | U13: 188.8 | V13: 158.8 | W13: 148.5 | X13: 157.3 | Y13: 161.4 | Z13: 155.6 | AA13: 151.8 | AB13: 162.3 | AC13: 146.6 | AD13: 153.2 | AE13: 160.3 | AF13: 155.4 | AG13: 154.4 | AH13: 157.8 | AI13: 3961.2 | AJ13: 623.3 | AK13: 307.3 | AL13: 313.2 | AM13: 2252.9 | AN13: 155.825 | AO13: 156.6 | AP13: 160.92143
A14: Rural | B14: 2021 | C14: May | D14: May-21 | E14: 44317 | F14: Post covid | H14: 145.1 | I14: 198.5 | J14: 168.6 | K14: 155.8 | L14: 184.4 | M14: 162.3 | N14: 138.4 | O14: 165.1 | P14: 114.3 | Q14: 169.7 | R14: 164.6 | S14: 169.8 | T14: 158.7 | U14: 189.6 | V14: 165.3 | W14: 160.6 | X14: 164.5 | Y14: 139.27097 | Z14: 161.7 | AA14: 158.8 | AB14: 169.1 | AC14: 153.2 | AD14: 160 | AE14: 167.6 | AF14: 159.3 | AG14: 161.1 | AH14: 161.1 | AI14: 4040.871 | AJ14: 648 | AK14: 325.9 | AL14: 298.07097 | AM14: 2284.9 | AN14: 162 | AO14: 149.03548 | AP14: 163.20714
A15: Urban | B15: 2021 | C15: May | D15: May-21 | E15: 44317 | F15: Post covid | H15: 148.8 | I15: 204.3 | J15: 173 | K15: 156.5 | L15: 168.8 | M15: 172.5 | N15: 166.5 | O15: 165.9 | P15: 115.9 | Q15: 165.2 | R15: 152 | S15: 171.1 | T15: 164.2 | U15: 198.2 | V15: 156.5 | W15: 140.2 | X15: 154.1 | Y15: 161.6 | Z15: 155.5 | AA15: 150.1 | AB15: 160.4 | AC15: 145 | AD15: 152.6 | AE15: 156.6 | AF15: 157.5 | AG15: 152.3 | AH15: 159.5 | AI15: 4011.2 | AJ15: 619 | AK15: 296.7 | AL15: 311.7 | AM15: 2322.9 | AN15: 154.75 | AO15: 155.85 | AP15: 165.92143
A16: Rural+Urban | B16: 2021 | C16: May | D16: May-21 | E16: 44317 | F16: Post covid | G16: 60800.383 | H16: 146.3 | I16: 200.5 | J16: 170.3 | K16: 156.1 | L16: 178.7 | M16: 167.1 | N16: 147.9 | O16: 165.4 | P16: 114.8 | Q16: 168.2 | R16: 159.3 | S16: 170.4 | T16: 160.7 | U16: 191.9 | V16: 161.8 | W16: 152.1 | X16: 160.4 | Y16: 161.6 | Z16: 159.4 | AA16: 154.7 | AB16: 165.8 | AC16: 148.9 | AD16: 155.8 | AE16: 161.2 | AF16: 158.6 | AG16: 156.8 | AH16: 160.4 | AI16: 4034.3 | AJ16: 632.4 | AK16: 313.9 | AL16: 316.3 | AM16: 2297.6 | AN16: 158.1 | AO16: 158.15 | AP16: 164.11429
A17: Rural | B17: 2021 | C17: June | D17: Jun-21 | E17: 44348 | F17: Post covid | H17: 145.6 | I17: 200.1 | J17: 179.3 | K17: 156.1 | L17: 190.4 | M17: 158.6 | N17: 144.7 | O17: 165.5 | P17: 114.6 | Q17: 170 | R17: 165.5 | S17: 171.7 | T17: 160.5 | U17: 189.1 | V17: 165.3 | W17: 159.9 | X17: 164.6 | Y17: 139.27097 | Z17: 162.1 | AA17: 159.2 | AB17: 169.7 | AC17: 154.2 | AD17: 160.4 | AE17: 166.8 | AF17: 159.4 | AG17: 161.5 | AH17: 162.1 | AI17: 4069.471 | AJ17: 648.1 | AK17: 325.2 | AL17: 298.47097 | AM17: 2311.7 | AN17: 162.025 | AO17: 149.23548 | AP17: 165.12143
A18: Urban | B18: 2021 | C18: June | D18: Jun-21 | E18: 44348 | F18: Post covid | H18: 149.2 | I18: 205.5 | J18: 182.8 | K18: 156.5 | L18: 172.2 | M18: 171.5 | N18: 176.2 | O18: 166.9 | P18: 116.1 | Q18: 165.5 | R18: 152.3 | S18: 173.3 | T18: 166.2 | U18: 195.6 | V18: 157.3 | W18: 140.5 | X18: 154.8 | Y18: 160.5 | Z18: 156.1 | AA18: 149.8 | AB18: 160.8 | AC18: 147.5 | AD18: 150.7 | AE18: 158.1 | AF18: 158 | AG18: 153.4 | AH18: 160.4 | AI18: 4042.5 | AJ18: 620.2 | AK18: 297.8 | AL18: 310.3 | AM18: 2349.8 | AN18: 155.05 | AO18: 155.15 | AP18: 167.84286
A19: Rural+Urban | B19: 2021 | C19: June | D19: Jun-21 | E19: 44348 | F19: Post covid | G19: 61073.299 | H19: 146.7 | I19: 202 | J19: 180.7 | K19: 156.2 | L19: 183.7 | M19: 164.6 | N19: 155.4 | O19: 166 | P19: 115.1 | Q19: 168.5 | R19: 160 | S19: 172.4 | T19: 162.6 | U19: 190.8 | V19: 162.2 | W19: 151.8 | X19: 160.7 | Y19: 160.5 | Z19: 159.8 | AA19: 154.8 | AB19: 166.3 | AC19: 150.7 | AD19: 154.9 | AE19: 161.7 | AF19: 158.8 | AG19: 157.6 | AH19: 161.3 | AI19: 4063.8 | AJ19: 633 | AK19: 314 | AL19: 315.3 | AM19: 2324.7 | AN19: 158.25 | AO19: 157.65 | AP19: 166.05
A20: Rural | B20: 2021 | C20: July | D20: Jul-21 | E20: 44378 | F20: Post covid | H20: 145.1 | I20: 204.5 | J20: 180.4 | K20: 157.1 | L20: 188.7 | M20: 157.7 | N20: 152.8 | O20: 163.6 | P20: 113.9 | Q20: 169.7 | R20: 166.2 | S20: 171 | T20: 161.7 | U20: 189.7 | V20: 166 | W20: 161.1 | X20: 165.3 | Y20: 139.27097 | Z20: 162.5 | AA20: 160.3 | AB20: 170.4 | AC20: 157.1 | AD20: 160.7 | AE20: 167.2 | AF20: 160.4 | AG20: 162.8 | AH20: 163.2 | AI20: 4089.871 | AJ20: 651.1 | AK20: 327.1 | AL20: 299.57097 | AM20: 2322.1 | AN20: 162.775 | AO20: 149.78548 | AP20: 165.86429
A21: Urban | B21: 2021 | C21: July | D21: Jul-21 | E21: 44378 | F21: Post covid | H21: 149.1 | I21: 210.9 | J21: 185 | K21: 158.2 | L21: 170.6 | M21: 170.9 | N21: 186.4 | O21: 164.7 | P21: 115.7 | Q21: 165.5 | R21: 153.4 | S21: 173.5 | T21: 167.9 | U21: 195.5 | V21: 157.9 | W21: 141.9 | X21: 155.5 | Y21: 161.5 | Z21: 157.7 | AA21: 150.7 | AB21: 161.5 | AC21: 149.5 | AD21: 151.2 | AE21: 160.3 | AF21: 159.6 | AG21: 155 | AH21: 161.8 | AI21: 4074.1 | AJ21: 626.1 | AK21: 299.8 | AL21: 312.2 | AM21: 2367.3 | AN21: 156.525 | AO21: 156.1 | AP21: 169.09286
A22: Rural+Urban | B22: 2021 | C22: July | D22: Jul-21 | E22: 44378 | F22: Post covid | G22: 59460.95 | H22: 146.4 | I22: 206.8 | J22: 182.2 | K22: 157.5 | L22: 182.1 | M22: 163.9 | N22: 164.2 | O22: 164 | P22: 114.5 | Q22: 168.3 | R22: 160.9 | S22: 172.2 | T22: 164 | U22: 191.2 | V22: 162.8 | W22: 153.1 | X22: 161.4 | Y22: 161.5 | Z22: 160.7 | AA22: 155.8 | AB22: 167 | AC22: 153.1 | AD22: 155.3 | AE22: 163.2 | AF22: 160.1 | AG22: 159 | AH22: 162.5 | AI22: 4089.8 | AJ22: 637.6 | AK22: 315.9 | AL22: 317.3 | AM22: 2338.2 | AN22: 159.4 | AO22: 158.65 | AP22: 167.01429
A23: Rural | B23: 2021 | C23: August | D23: Aug-21 | E23: 44409 | F23: Post covid | H23: 144.9 | I23: 202.3 | J23: 176.5 | K23: 157.5 | L23: 190.9 | M23: 155.7 | N23: 153.9 | O23: 162.8 | P23: 115.2 | Q23: 169.8 | R23: 167.6 | S23: 171.9 | T23: 161.8 | U23: 190.2 | V23: 167 | W23: 162.6 | X23: 166.3 | Y23: 139.27097 | Z23: 163.1 | AA23: 160.9 | AB23: 171.1 | AC23: 157.7 | AD23: 161.1 | AE23: 167.5 | AF23: 160.3 | AG23: 163.3 | AH23: 163.6 | AI23: 4094.871 | AJ23: 652.2 | AK23: 329.6 | AL23: 300.17097 | AM23: 2321 | AN23: 163.05 | AO23: 150.08548 | AP23: 165.78571
A24: Urban | B24: 2021 | C24: August | D24: Aug-21 | E24: 44409 | F24: Post covid | H24: 149.3 | I24: 207.4 | J24: 174.1 | K24: 159.2 | L24: 175 | M24: 161.3 | N24: 183.3 | O24: 164.5 | P24: 120.4 | Q24: 166.2 | R24: 154.8 | S24: 175.1 | T24: 167.3 | U24: 196.5 | V24: 159.8 | W24: 143.6 | X24: 157.3 | Y24: 162.1 | Z24: 160.7 | AA24: 153.2 | AB24: 162.8 | AC24: 150.4 | AD24: 153.7 | AE24: 160.4 | AF24: 159.6 | AG24: 156 | AH24: 162.3 | AI24: 4076.7 | AJ24: 629.7 | AK24: 303.4 | AL24: 315.3 | AM24: 2354.4 | AN24: 157.425 | AO24: 157.65 | AP24: 168.17143
A25: Rural+Urban | B25: 2021 | C25: August | D25: Aug-21 | E25: 44409 | F25: Post covid | G25: 67310.66 | H25: 146.6 | I25: 204 | J25: 172.8 | K25: 158.4 | L25: 188 | M25: 156.8 | N25: 162.2 | O25: 164.1 | P25: 119.7 | Q25: 168.8 | R25: 162.7 | S25: 173.9 | T25: 164 | U25: 192.1 | V25: 164.5 | W25: 155.3 | X25: 163.2 | Y25: 162.1 | Z25: 162.6 | AA25: 157.5 | AB25: 168.4 | AC25: 154 | AD25: 157.6 | AE25: 163.8 | AF25: 160 | AG25: 160 | AH25: 163.2 | AI25: 4099.9 | AJ25: 641.4 | AK25: 319.8 | AL25: 319.6 | AM25: 2334.1 | AN25: 160.35 | AO25: 159.8 | AP25: 166.72143
A26: Rural | B26: 2021 | C26: September | D26: Sep-21 | E26: 44440 | F26: Post covid | H26: 145.4 | I26: 202.1 | J26: 172 | K26: 158 | L26: 195.5 | M26: 152.7 | N26: 151.4 | O26: 163.9 | P26: 119.3 | Q26: 170.1 | R26: 168.3 | S26: 172.8 | T26: 162.1 | U26: 190.5 | V26: 167.7 | W26: 163.6 | X26: 167.1 | Y26: 139.27097 | Z26: 163.7 | AA26: 161.3 | AB26: 171.9 | AC26: 157.8 | AD26: 162.7 | AE26: 168.5 | AF26: 160.2 | AG26: 163.8 | AH26: 164 | AI26: 4104.571 | AJ26: 655.2 | AK26: 331.3 | AL26: 300.57097 | AM26: 2324.1 | AN26: 163.8 | AO26: 150.28548 | AP26: 166.00714
A27: Urban | B27: 2021 | C27: September | D27: Sep-21 | E27: 44440 | F27: Post covid | H27: 149.3 | I27: 207.4 | J27: 174.1 | K27: 159.1 | L27: 175 | M27: 161.2 | N27: 183.5 | O27: 164.5 | P27: 120.4 | Q27: 166.2 | R27: 154.8 | S27: 175.1 | T27: 167.3 | U27: 196.5 | V27: 159.8 | W27: 143.6 | X27: 157.4 | Y27: 162.1 | Z27: 160.8 | AA27: 153.3 | AB27: 162.8 | AC27: 150.5 | AD27: 153.9 | AE27: 160.3 | AF27: 159.6 | AG27: 156 | AH27: 162.3 | AI27: 4077.1 | AJ27: 629.8 | AK27: 303.4 | AL27: 315.4 | AM27: 2354.4 | AN27: 157.45 | AO27: 157.7 | AP27: 168.17143
A28: Rural+Urban | B28: 2021 | C28: September | D28: Sep-21 | E28: 44440 | F28: Post covid | G28: 69109.876 | H28: 146.6 | I28: 204 | J28: 172.8 | K28: 158.4 | L28: 188 | M28: 156.7 | N28: 162.3 | O28: 164.1 | P28: 119.7 | Q28: 168.8 | R28: 162.7 | S28: 173.9 | T28: 164 | U28: 192.1 | V28: 164.6 | W28: 155.3 | X28: 163.3 | Y28: 162.1 | Z28: 162.6 | AA28: 157.5 | AB28: 168.4 | AC28: 154 | AD28: 157.7 | AE28: 163.7 | AF28: 160 | AG28: 160 | AH28: 163.2 | AI28: 4100 | AJ28: 641.4 | AK28: 319.9 | AL28: 319.6 | AM28: 2334.1 | AN28: 160.35 | AO28: 159.8 | AP28: 166.72143
A29: Rural | B29: 2021 | C29: October | D29: Oct-21 | E29: 44470 | F29: Post covid | H29: 146.1 | I29: 202.5 | J29: 170.1 | K29: 158.4 | L29: 198.8 | M29: 152.6 | N29: 170.4 | O29: 165.2 | P29: 121.6 | Q29: 170.6 | R29: 168.8 | S29: 173.6 | T29: 165.5 | U29: 191.2 | V29: 168.9 | W29: 164.8 | X29: 168.3 | Y29: 139.27097 | Z29: 165.5 | AA29: 162 | AB29: 172.5 | AC29: 159.5 | AD29: 163.2 | AE29: 169 | AF29: 161.1 | AG29: 164.7 | AH29: 166.3 | AI29: 4145.871 | AJ29: 658 | AK29: 333.7 | AL29: 301.27097 | AM29: 2355.4 | AN29: 164.5 | AO29: 150.63548 | AP29: 168.24286
A30: Urban | B30: 2021 | C30: October | D30: Oct-21 | E30: 44470 | F30: Post covid | H30: 150.1 | I30: 208.4 | J30: 173 | K30: 159.2 | L30: 176.6 | M30: 159.3 | N30: 214.4 | O30: 165.3 | P30: 122.5 | Q30: 166.8 | R30: 155.4 | S30: 175.9 | T30: 171.5 | U30: 197 | V30: 160.8 | W30: 144.4 | X30: 158.3 | Y30: 163.6 | Z30: 162.2 | AA30: 154.3 | AB30: 163.5 | AC30: 152.2 | AD30: 155.1 | AE30: 160.3 | AF30: 160.3 | AG30: 157 | AH30: 164.6 | AI30: 4129.1 | AJ30: 632.7 | AK30: 305.2 | AL30: 317.9 | AM30: 2395.4 | AN30: 158.175 | AO30: 158.95 | AP30: 171.1
A31: Rural+Urban | B31: 2021 | C31: October | D31: Oct-21 | E31: 44470 | F31: Post covid | G31: 72054.197 | H31: 147.4 | I31: 204.6 | J31: 171.2 | K31: 158.7 | L31: 190.6 | M31: 155.7 | N31: 185.3 | O31: 165.2 | P31: 121.9 | Q31: 169.3 | R31: 163.2 | S31: 174.7 | T31: 167.7 | U31: 192.7 | V31: 165.7 | W31: 156.3 | X31: 164.3 | Y31: 163.6 | Z31: 164.2 | AA31: 158.4 | AB31: 169.1 | AC31: 155.7 | AD31: 158.6 | AE31: 163.9 | AF31: 160.8 | AG31: 161 | AH31: 165.5 | AI31: 4145.5 | AJ31: 644.3 | AK31: 322 | AL31: 322 | AM31: 2368.2 | AN31: 161.075 | AO31: 161 | AP31: 169.15714
A32: Rural | B32: 2021 | C32: November | D32: Nov-21 | E32: 44501 | F32: Post covid | H32: 146.9 | I32: 199.8 | J32: 171.5 | K32: 159.1 | L32: 198.4 | M32: 153.2 | N32: 183.9 | O32: 165.4 | P32: 122.1 | Q32: 170.8 | R32: 169.1 | S32: 174.3 | T32: 167.5 | U32: 191.4 | V32: 170.4 | W32: 166 | X32: 169.8 | Y32: 139.27097 | Z32: 165.3 | AA32: 162.9 | AB32: 173.4 | AC32: 158.9 | AD32: 163.8 | AE32: 169.3 | AF32: 162.4 | AG32: 165.2 | AH32: 167.6 | AI32: 4170.271 | AJ32: 660.7 | AK32: 336.4 | AL32: 302.17097 | AM32: 2373.4 | AN32: 165.175 | AO32: 151.08548 | AP32: 169.52857
A33: Urban | B33: 2021 | C33: November | D33: Nov-21 | E33: 44501 | F33: Post covid | H33: 151 | I33: 204.9 | J33: 175.4 | K33: 159.6 | L33: 175.8 | M33: 160.3 | N33: 229.1 | O33: 165.1 | P33: 123.1 | Q33: 167.2 | R33: 156.1 | S33: 176.8 | T33: 173.5 | U33: 197 | V33: 162.3 | W33: 145.3 | X33: 159.7 | Y33: 164.2 | Z33: 161.6 | AA33: 155.2 | AB33: 164.2 | AC33: 151.2 | AD33: 156.7 | AE33: 160.8 | AF33: 161.8 | AG33: 157.3 | AH33: 165.6 | AI33: 4155.5 | AJ33: 636.6 | AK33: 307.6 | AL33: 319.4 | AM33: 2414.9 | AN33: 159.15 | AO33: 159.7 | AP33: 172.49286
A34: Rural+Urban | B34: 2021 | C34: November | D34: Nov-21 | E34: 44501 | F34: Post covid | G34: 79009.389 | H34: 148.2 | I34: 201.6 | J34: 173 | K34: 159.3 | L34: 190.1 | M34: 156.5 | N34: 199.2 | O34: 165.3 | P34: 122.4 | Q34: 169.6 | R34: 163.7 | S34: 175.5 | T34: 169.7 | U34: 192.9 | V34: 167.2 | W34: 157.4 | X34: 165.8 | Y34: 164.2 | Z34: 163.9 | AA34: 159.3 | AB34: 169.9 | AC34: 154.8 | AD34: 159.8 | AE34: 164.3 | AF34: 162.2 | AG34: 161.4 | AH34: 166.7 | AI34: 4171.4 | AJ34: 647.7 | AK34: 324.6 | AL34: 323.5 | AM34: 2387 | AN34: 161.925 | AO34: 161.75 | AP34: 170.5
A35: Rural | B35: 2021 | C35: December | D35: Dec-21 | E35: 44531 | F35: Post covid | H35: 147.4 | I35: 197 | J35: 176.5 | K35: 159.8 | L35: 195.8 | M35: 152 | N35: 172.3 | O35: 164.5 | P35: 120.6 | Q35: 171.7 | R35: 169.7 | S35: 175.1 | T35: 165.8 | U35: 190.8 | V35: 171.8 | W35: 167.3 | X35: 171.2 | Y35: 139.27097 | Z35: 165.6 | AA35: 163.9 | AB35: 174 | AC35: 160.1 | AD35: 164.5 | AE35: 169.7 | AF35: 162.8 | AG35: 166 | AH35: 167 | AI35: 4163.971 | AJ35: 663 | AK35: 339.1 | AL35: 303.17097 | AM35: 2359 | AN35: 165.75 | AO35: 151.58548 | AP35: 168.5
A36: Urban | B36: 2021 | C36: December | D36: Dec-21 | E36: 44531 | F36: Post covid | H36: 151.6 | I36: 202.2 | J36: 180 | K36: 160 | L36: 173.5 | M36: 158.3 | N36: 219.5 | O36: 164.2 | P36: 121.9 | Q36: 168.2 | R36: 156.5 | S36: 178.2 | T36: 172.2 | U36: 196.8 | V36: 163.3 | W36: 146.7 | X36: 160.7 | Y36: 163.4 | Z36: 161.7 | AA36: 156 | AB36: 165.1 | AC36: 151.8 | AD36: 157.6 | AE36: 160.6 | AF36: 162.4 | AG36: 157.8 | AH36: 165.2 | AI36: 4149.5 | AJ36: 638.4 | AK36: 310 | AL36: 319.4 | AM36: 2403.1 | AN36: 159.6 | AO36: 159.7 | AP36: 171.65
A37: Rural+Urban | B37: 2021 | C37: December | D37: Dec-21 | E37: 44531 | F37: Post covid | G37: 81771.142 | H37: 148.7 | I37: 198.8 | J37: 177.9 | K37: 159.9 | L37: 187.6 | M37: 154.9 | N37: 188.3 | O37: 164.4 | P37: 121 | Q37: 170.5 | R37: 164.2 | S37: 176.5 | T37: 168.2 | U37: 192.4 | V37: 168.5 | W37: 158.7 | X37: 167 | Y37: 163.4 | Z37: 164.1 | AA37: 160.2 | AB37: 170.6 | AC37: 155.7 | AD37: 160.6 | AE37: 164.4 | AF37: 162.6 | AG37: 162 | AH37: 166.2 | AI37: 4164.1 | AJ37: 649.6 | AK37: 327.2 | AL37: 323.6 | AM37: 2373.3 | AN37: 162.4 | AO37: 161.8 | AP37: 169.52143
A38: Rural | B38: 2022 | C38: January | D38: Jan-22 | E38: 44562 | F38: Post covid | H38: 148.3 | I38: 196.9 | J38: 178 | K38: 160.5 | L38: 192.6 | M38: 151.2 | N38: 159.2 | O38: 164 | P38: 119.3 | Q38: 173.3 | R38: 169.8 | S38: 175.8 | T38: 164.1 | U38: 190.7 | V38: 173.2 | W38: 169.3 | X38: 172.7 | Y38: 139.27097 | Z38: 165.8 | AA38: 164.9 | AB38: 174.7 | AC38: 160.8 | AD38: 164.9 | AE38: 169.9 | AF38: 163.2 | AG38: 166.6 | AH38: 166.4 | AI38: 4156.271 | AJ38: 664.6 | AK38: 342.5 | AL38: 304.17097 | AM38: 2343.7 | AN38: 166.15 | AO38: 152.08548 | AP38: 167.40714
A39: Urban | B39: 2022 | C39: January | D39: Jan-22 | E39: 44562 | F39: Post covid | H39: 152.2 | I39: 202.1 | J39: 180.1 | K39: 160.4 | L39: 171 | M39: 156.5 | N39: 203.6 | O39: 163.8 | P39: 121.3 | Q39: 169.8 | R39: 156.6 | S39: 179 | T39: 170.3 | U39: 196.4 | V39: 164.7 | W39: 148.5 | X39: 162.2 | Y39: 164.5 | Z39: 161.6 | AA39: 156.8 | AB39: 166.1 | AC39: 152.7 | AD39: 158.4 | AE39: 161 | AF39: 162.8 | AG39: 158.6 | AH39: 165 | AI39: 4138.8 | AJ39: 640.8 | AK39: 313.2 | AL39: 321.3 | AM39: 2383.1 | AN39: 160.2 | AO39: 160.65 | AP39: 170.22143
A40: Rural+Urban | B40: 2022 | C40: January | D40: Jan-22 | E40: 44562 | F40: Post covid | G40: 92441.855 | H40: 149.5 | I40: 198.7 | J40: 178.8 | K40: 160.5 | L40: 184.7 | M40: 153.7 | N40: 174.3 | O40: 163.9 | P40: 120 | Q40: 172.1 | R40: 164.3 | S40: 177.3 | T40: 166.4 | U40: 192.2 | V40: 169.9 | W40: 160.7 | X40: 168.5 | Y40: 164.5 | Z40: 164.2 | AA40: 161.1 | AB40: 171.4 | AC40: 156.5 | AD40: 161.2 | AE40: 164.7 | AF40: 163 | AG40: 162.7 | AH40: 165.7 | AI40: 4156.3 | AJ40: 651.6 | AK40: 330.6 | AL40: 325.6 | AM40: 2356.4 | AN40: 162.9 | AO40: 162.8 | AP40: 168.31429
A41: Rural | B41: 2022 | C41: February | D41: Feb-22 | E41: 44593 | F41: Post covid | H41: 148.8 | I41: 198.1 | J41: 175.5 | K41: 160.7 | L41: 192.6 | M41: 151.4 | N41: 155.2 | O41: 163.9 | P41: 118.1 | Q41: 175.4 | R41: 170.5 | S41: 176.3 | T41: 163.9 | U41: 191.5 | V41: 174.1 | W41: 171 | X41: 173.7 | Y41: 139.27097 | Z41: 167.4 | AA41: 165.7 | AB41: 175.3 | AC41: 161.2 | AD41: 165.5 | AE41: 170.3 | AF41: 164.5 | AG41: 167.3 | AH41: 166.7 | AI41: 4163.471 | AJ41: 667.6 | AK41: 345.1 | AL41: 304.97097 | AM41: 2341.9 | AN41: 166.9 | AO41: 152.48548 | AP41: 167.27857
A42: Urban | B42: 2022 | C42: February | D42: Feb-22 | E42: 44593 | F42: Post covid | H42: 152.5 | I42: 205.2 | J42: 176.4 | K42: 160.6 | L42: 171.5 | M42: 156.4 | N42: 198 | O42: 163.2 | P42: 120.6 | Q42: 172.2 | R42: 156.7 | S42: 180 | T42: 170.2 | U42: 196.5 | V42: 165.7 | W42: 150.4 | X42: 163.4 | Y42: 165.5 | Z42: 163 | AA42: 157.4 | AB42: 167.2 | AC42: 153.1 | AD42: 159.5 | AE42: 162 | AF42: 164.2 | AG42: 159.4 | AH42: 165.5 | AI42: 4147.4 | AJ42: 645.1 | AK42: 316.1 | AL42: 322.9 | AM42: 2380 | AN42: 161.275 | AO42: 161.45 | AP42: 170
A43: Rural+Urban | B43: 2022 | C43: February | D43: Feb-22 | E43: 44593 | F43: Post covid | G43: 85798.259 | H43: 150 | I43: 200.6 | J43: 175.8 | K43: 160.7 | L43: 184.9 | M43: 153.7 | N43: 169.7 | O43: 163.7 | P43: 118.9 | Q43: 174.3 | R43: 164.7 | S43: 178 | T43: 166.2 | U43: 192.8 | V43: 170.8 | W43: 162.4 | X43: 169.6 | Y43: 165.5 | Z43: 165.7 | AA43: 161.8 | AB43: 172.2 | AC43: 156.9 | AD43: 162.1 | AE43: 165.4 | AF43: 164.4 | AG43: 163.5 | AH43: 166.1 | AI43: 4164.7 | AJ43: 655.4 | AK43: 333.2 | AL43: 327.3 | AM43: 2354 | AN43: 163.85 | AO43: 163.65 | AP43: 168.14286
A44: Rural | B44: 2022 | C44: March | D44: Mar-22 | E44: 44621 | F44: Post covid | H44: 150.2 | I44: 208 | J44: 167.9 | K44: 162 | L44: 203.1 | M44: 155.9 | N44: 155.8 | O44: 164.2 | P44: 118.1 | Q44: 178.7 | R44: 171.2 | S44: 177.4 | T44: 166.6 | U44: 192.3 | V44: 175.4 | W44: 173.2 | X44: 175.1 | Y44: 139.27097 | Z44: 168.9 | AA44: 166.5 | AB44: 176 | AC44: 162 | AD44: 166.6 | AE44: 170.6 | AF44: 167.4 | AG44: 168.3 | AH44: 168.7 | AI44: 4205.571 | AJ44: 672.9 | AK44: 348.6 | AL44: 305.77097 | AM44: 2371.4 | AN44: 168.225 | AO44: 152.88548 | AP44: 169.38571
A45: Urban | B45: 2022 | C45: March | D45: Mar-22 | E45: 44621 | F45: Post covid | H45: 153.7 | I45: 215.8 | J45: 167.7 | K45: 162.6 | L45: 180 | M45: 159.6 | N45: 188.4 | O45: 163.4 | P45: 120.3 | Q45: 174.7 | R45: 157.1 | S45: 181.5 | T45: 171.5 | U45: 197.5 | V45: 167.1 | W45: 152.6 | X45: 164.9 | Y45: 165.3 | Z45: 164.5 | AA45: 158.6 | AB45: 168.2 | AC45: 154.2 | AD45: 160.8 | AE45: 162.7 | AF45: 166.8 | AG45: 160.6 | AH45: 166.5 | AI45: 4175.2 | AJ45: 650.9 | AK45: 319.7 | AL45: 323.9 | AM45: 2393.8 | AN45: 162.725 | AO45: 161.95 | AP45: 170.98571
A46: Rural+Urban | B46: 2022 | C46: March | D46: Mar-22 | E46: 44621 | F46: Post covid | G46: 89613.479 | H46: 151.3 | I46: 210.7 | J46: 167.8 | K46: 162.2 | L46: 194.6 | M46: 157.6 | N46: 166.9 | O46: 163.9 | P46: 118.8 | Q46: 177.4 | R46: 165.3 | S46: 179.3 | T46: 168.4 | U46: 193.7 | V46: 172.1 | W46: 164.6 | X46: 171.1 | Y46: 165.3 | Z46: 167.2 | AA46: 162.8 | AB46: 173 | AC46: 157.9 | AD46: 163.3 | AE46: 166 | AF46: 167.2 | AG46: 164.6 | AH46: 167.7 | AI46: 4201.9 | AJ46: 661.1 | AK46: 336.7 | AL46: 328.1 | AM46: 2377.9 | AN46: 165.275 | AO46: 164.05 | AP46: 169.85
A47: Rural | B47: 2022 | C47: April | D47: Apr-22 | E47: 44652 | F47: Post covid | H47: 151.8 | I47: 209.7 | J47: 164.5 | K47: 163.8 | L47: 207.4 | M47: 169.7 | N47: 153.6 | O47: 165.1 | P47: 118.2 | Q47: 182.9 | R47: 172.4 | S47: 178.9 | T47: 168.6 | U47: 192.8 | V47: 177.5 | W47: 175.1 | X47: 177.1 | Y47: 139.27097 | Z47: 173.3 | AA47: 167.7 | AB47: 177 | AC47: 166.2 | AD47: 167.2 | AE47: 170.9 | AF47: 169 | AG47: 170.2 | AH47: 170.8 | AI47: 4252.771 | AJ47: 677.3 | AK47: 352.6 | AL47: 306.97097 | AM47: 2399.4 | AN47: 169.325 | AO47: 153.48548 | AP47: 171.38571
A48: Urban | B48: 2022 | C48: April | D48: Apr-22 | E48: 44652 | F48: Post covid | H48: 155.4 | I48: 215.8 | J48: 164.6 | K48: 164.2 | L48: 186 | M48: 175.9 | N48: 190.7 | O48: 164 | P48: 120.5 | Q48: 178 | R48: 157.5 | S48: 183.3 | T48: 174.5 | U48: 197.1 | V48: 168.4 | W48: 154.5 | X48: 166.3 | Y48: 167 | Z48: 170.5 | AA48: 159.8 | AB48: 169 | AC48: 159.3 | AD48: 162.2 | AE48: 164 | AF48: 168.4 | AG48: 163.1 | AH48: 169.2 | AI48: 4233.7 | AJ48: 657.7 | AK48: 322.9 | AL48: 326.8 | AM48: 2427.5 | AN48: 164.425 | AO48: 163.4 | AP48: 173.39286
A49: Rural+Urban | B49: 2022 | C49: April | D49: Apr-22 | E49: 44652 | F49: Post covid | G49: 128800.07 | H49: 152.9 | I49: 211.8 | J49: 164.5 | K49: 163.9 | L49: 199.5 | M49: 172.6 | N49: 166.2 | O49: 164.7 | P49: 119 | Q49: 181.3 | R49: 166.2 | S49: 180.9 | T49: 170.8 | U49: 193.9 | V49: 173.9 | W49: 166.5 | X49: 172.8 | Y49: 167 | Z49: 172.2 | AA49: 164 | AB49: 174 | AC49: 162.6 | AD49: 164.4 | AE49: 166.9 | AF49: 168.8 | AG49: 166.8 | AH49: 170.1 | AI49: 4255.3 | AJ49: 666.9 | AK49: 340.4 | AL49: 331 | AM49: 2408.2 | AN49: 166.725 | AO49: 165.5 | AP49: 172.01429
A50: Rural | B50: 2022 | C50: May | D50: May-22 | E50: 44682 | F50: Post covid | H50: 152.9 | I50: 214.7 | J50: 161.4 | K50: 164.6 | L50: 209.9 | M50: 168 | N50: 160.4 | O50: 165 | P50: 118.9 | Q50: 186.6 | R50: 173.2 | S50: 180.4 | T50: 170.8 | U50: 192.9 | V50: 179.3 | W50: 177.2 | X50: 179 | Y50: 139.27097 | Z50: 175.3 | AA50: 168.9 | AB50: 177.7 | AC50: 167.1 | AD50: 167.6 | AE50: 171.8 | AF50: 168.5 | AG50: 170.9 | AH50: 172.5 | AI50: 4283.271 | AJ50: 678.8 | AK50: 356.5 | AL50: 308.17097 | AM50: 2419.7 | AN50: 169.7 | AO50: 154.08548 | AP50: 172.83571
A51: Urban | B51: 2022 | C51: May | D51: May-22 | E51: 44682 | F51: Post covid | H51: 156.7 | I51: 221.2 | J51: 164.1 | K51: 165.4 | L51: 189.5 | M51: 174.5 | N51: 203.2 | O51: 164.1 | P51: 121.2 | Q51: 181.4 | R51: 158.5 | S51: 184.9 | T51: 177.5 | U51: 197.5 | V51: 170 | W51: 155.9 | X51: 167.8 | Y51: 167.5 | Z51: 173.5 | AA51: 161.1 | AB51: 170.1 | AC51: 159.4 | AD51: 163.2 | AE51: 165.2 | AF51: 168.2 | AG51: 163.8 | AH51: 170.8 | AI51: 4277.6 | AJ51: 660.4 | AK51: 325.9 | AL51: 328.6 | AM51: 2459.7 | AN51: 165.1 | AO51: 164.3 | AP51: 175.69286
A52: Rural+Urban | B52: 2022 | C52: May | D52: May-22 | E52: 44682 | F52: Post covid | G52: 119633.62 | H52: 154.1 | I52: 217 | J52: 162.4 | K52: 164.9 | L52: 202.4 | M52: 171 | N52: 174.9 | O52: 164.7 | P52: 119.7 | Q52: 184.9 | R52: 167.1 | S52: 182.5 | T52: 173.3 | U52: 194.1 | V52: 175.6 | W52: 168.4 | X52: 174.6 | Y52: 167.5 | Z52: 174.6 | AA52: 165.2 | AB52: 174.8 | AC52: 163 | AD52: 165.1 | AE52: 167.9 | AF52: 168.4 | AG52: 167.5 | AH52: 171.7 | AI52: 4291 | AJ52: 668.9 | AK52: 344 | AL52: 332.7 | AM52: 2433 | AN52: 167.225 | AO52: 166.35 | AP52: 173.78571
A53: Rural | B53: 2022 | C53: June | D53: Jun-22 | E53: 44713 | F53: Post covid | H53: 153.8 | I53: 217.2 | J53: 169.6 | K53: 165.4 | L53: 208.1 | M53: 165.8 | N53: 167.3 | O53: 164.6 | P53: 119.1 | Q53: 188.9 | R53: 174.2 | S53: 181.9 | T53: 172.4 | U53: 192.9 | V53: 180.7 | W53: 178.7 | X53: 180.4 | Y53: 139.27097 | Z53: 176.7 | AA53: 170.3 | AB53: 178.2 | AC53: 165.5 | AD53: 168 | AE53: 172.6 | AF53: 169.5 | AG53: 171 | AH53: 173.6 | AI53: 4311.671 | AJ53: 681.1 | AK53: 359.4 | AL53: 309.57097 | AM53: 2441.2 | AN53: 170.275 | AO53: 154.78548 | AP53: 174.37143
A54: Urban | B54: 2022 | C54: June | D54: Jun-22 | E54: 44713 | F54: Post covid | H54: 157.5 | I54: 223.4 | J54: 172.8 | K54: 166.4 | L54: 188.6 | M54: 174.1 | N54: 211.5 | O54: 163.6 | P54: 121.4 | Q54: 183.5 | R54: 159.1 | S54: 186.3 | T54: 179.3 | U54: 198.3 | V54: 171.6 | W54: 157.4 | X54: 169.4 | Y54: 166.8 | Z54: 174.9 | AA54: 162.1 | AB54: 170.9 | AC54: 157.2 | AD54: 164.1 | AE54: 166.5 | AF54: 169.2 | AG54: 163.8 | AH54: 171.4 | AI54: 4310.3 | AJ54: 663.6 | AK54: 329 | AL54: 328.9 | AM54: 2485.8 | AN54: 165.9 | AO54: 164.45 | AP54: 177.55714
A55: Rural+Urban | B55: 2022 | C55: June | D55: Jun-22 | E55: 44713 | F55: Post covid | G55: 121897.64 | H55: 155 | I55: 219.4 | J55: 170.8 | K55: 165.8 | L55: 200.9 | M55: 169.7 | N55: 182.3 | O55: 164.3 | P55: 119.9 | Q55: 187.1 | R55: 167.9 | S55: 183.9 | T55: 174.9 | U55: 194.3 | V55: 177.1 | W55: 169.9 | X55: 176 | Y55: 166.8 | Z55: 176 | AA55: 166.4 | AB55: 175.4 | AC55: 161.1 | AD55: 165.8 | AE55: 169 | AF55: 169.4 | AG55: 167.5 | AH55: 172.6 | AI55: 4320.6 | AJ55: 671.7 | AK55: 347 | AL55: 333.2 | AM55: 2456.2 | AN55: 167.925 | AO55: 166.6 | AP55: 175.44286
A56: Rural | B56: 2022 | C56: July | D56: Jul-22 | E56: 44743 | F56: Post covid | H56: 155.2 | I56: 210.8 | J56: 174.3 | K56: 166.3 | L56: 202.2 | M56: 169.6 | N56: 168.6 | O56: 164.4 | P56: 119.2 | Q56: 191.8 | R56: 174.5 | S56: 183.1 | T56: 172.5 | U56: 193.2 | V56: 182 | W56: 180.3 | X56: 181.7 | Y56: 139.27097 | Z56: 179.6 | AA56: 171.3 | AB56: 178.8 | AC56: 166.3 | AD56: 168.6 | AE56: 174.7 | AF56: 169.7 | AG56: 171.8 | AH56: 174.3 | AI56: 4328.071 | AJ56: 684.8 | AK56: 362.3 | AL56: 310.57097 | AM56: 2445.7 | AN56: 171.2 | AO56: 155.28548 | AP56: 174.69286
A57: Urban | B57: 2022 | C57: July | D57: Jul-22 | E57: 44743 | F57: Post covid | H57: 159.3 | I57: 217.1 | J57: 176.6 | K57: 167.1 | L57: 184.8 | M57: 179.5 | N57: 208.5 | O57: 164 | P57: 121.5 | Q57: 186.3 | R57: 159.8 | S57: 187.7 | T57: 179.4 | U57: 198.6 | V57: 172.7 | W57: 158.7 | X57: 170.6 | Y57: 167.8 | Z57: 179.5 | AA57: 163.1 | AB57: 171.7 | AC57: 157.4 | AD57: 164.6 | AE57: 169.1 | AF57: 169.8 | AG57: 164.7 | AH57: 172.3 | AI57: 4329.3 | AJ57: 668.2 | AK57: 331.4 | AL57: 330.9 | AM57: 2490.2 | AN57: 167.05 | AO57: 165.45 | AP57: 177.87143
A58: Rural+Urban | B58: 2022 | C58: July | D58: Jul-22 | E58: 44743 | F58: Post covid | G58: 128755.46 | H58: 156.5 | I58: 213 | J58: 175.2 | K58: 166.6 | L58: 195.8 | M58: 174.2 | N58: 182.1 | O58: 164.3 | P58: 120 | Q58: 190 | R58: 168.4 | S58: 185.2 | T58: 175 | U58: 194.6 | V58: 178.3 | W58: 171.3 | X58: 177.3 | Y58: 167.8 | Z58: 179.6 | AA58: 167.4 | AB58: 176.1 | AC58: 161.6 | AD58: 166.3 | AE58: 171.4 | AF58: 169.7 | AG58: 168.4 | AH58: 173.4 | AI58: 4338.8 | AJ58: 675.8 | AK58: 349.6 | AL58: 335.2 | AM58: 2460.9 | AN58: 168.95 | AO58: 167.6 | AP58: 175.77857
A59: Rural | B59: 2022 | C59: August | D59: Aug-22 | E59: 44774 | F59: Post covid | H59: 159.5 | I59: 204.1 | J59: 168.3 | K59: 167.9 | L59: 198.1 | M59: 169.2 | N59: 173.1 | O59: 167.1 | P59: 120.2 | Q59: 195.6 | R59: 174.8 | S59: 184 | T59: 173.9 | U59: 193.7 | V59: 183.2 | W59: 181.7 | X59: 183 | Y59: 139.27097 | Z59: 179.1 | AA59: 172.3 | AB59: 179.4 | AC59: 166.6 | AD59: 169.3 | AE59: 175.7 | AF59: 171.1 | AG59: 172.6 | AH59: 175.3 | AI59: 4339.771 | AJ59: 688.7 | AK59: 364.9 | AL59: 311.57097 | AM59: 2449.5 | AN59: 172.175 | AO59: 155.78548 | AP59: 174.96429
A60: Urban | B60: 2022 | C60: August | D60: Aug-22 | E60: 44774 | F60: Post covid | H60: 162.1 | I60: 210.9 | J60: 170.6 | K60: 168.4 | L60: 182.5 | M60: 177.1 | N60: 213.1 | O60: 167.3 | P60: 122.2 | Q60: 189.7 | R60: 160.5 | S60: 188.9 | T60: 180.4 | U60: 198.7 | V60: 173.7 | W60: 160 | X60: 171.6 | Y60: 169 | Z60: 178.4 | AA60: 164.2 | AB60: 172.6 | AC60: 157.7 | AD60: 165.1 | AE60: 169.9 | AF60: 171.4 | AG60: 165.4 | AH60: 173.1 | AI60: 4339.8 | AJ60: 671.8 | AK60: 333.7 | AL60: 333.2 | AM60: 2492.4 | AN60: 167.95 | AO60: 166.6 | AP60: 178.02857
A61: Rural+Urban | B61: 2022 | C61: August | D61: Aug-22 | E61: 44774 | F61: Post covid | G61: 104567.32 | H61: 160.3 | I61: 206.5 | J61: 169.2 | K61: 168.1 | L61: 192.4 | M61: 172.9 | N61: 186.7 | O61: 167.2 | P61: 120.9 | Q61: 193.6 | R61: 168.8 | S61: 186.3 | T61: 176.3 | U61: 195 | V61: 179.5 | W61: 172.7 | X61: 178.5 | Y61: 169 | Z61: 178.8 | AA61: 168.5 | AB61: 176.8 | AC61: 161.9 | AD61: 166.9 | AE61: 172.3 | AF61: 171.2 | AG61: 169.1 | AH61: 174.3 | AI61: 4350.9 | AJ61: 679.5 | AK61: 352.2 | AL61: 337.5 | AM61: 2464.2 | AN61: 169.875 | AO61: 168.75 | AP61: 176.01429
A62: Rural | B62: 2022 | C62: September | D62: Sep-22 | E62: 44805 | F62: Post covid | H62: 162.9 | I62: 206.7 | J62: 169 | K62: 169.5 | L62: 194.1 | M62: 164.1 | N62: 176.9 | O62: 169 | P62: 120.8 | Q62: 199.1 | R62: 175.4 | S62: 184.8 | T62: 175.5 | U62: 194.5 | V62: 184.7 | W62: 183.3 | X62: 184.5 | Y62: 139.27097 | Z62: 179.7 | AA62: 173.6 | AB62: 180.2 | AC62: 166.9 | AD62: 170 | AE62: 176.2 | AF62: 170.8 | AG62: 173.1 | AH62: 176.4 | AI62: 4360.071 | AJ62: 690.1 | AK62: 368 | AL62: 312.87097 | AM62: 2462.3 | AN62: 172.525 | AO62: 156.43548 | AP62: 175.87857
A63: Urban | B63: 2022 | C63: September | D63: Sep-22 | E63: 44805 | F63: Post covid | H63: 164.9 | I63: 213.7 | J63: 170.9 | K63: 170.1 | L63: 179.3 | M63: 167.5 | N63: 220.8 | O63: 169.2 | P63: 123.1 | Q63: 193.6 | R63: 161.1 | S63: 190.4 | T63: 181.8 | U63: 199.7 | V63: 175 | W63: 161.7 | X63: 173 | Y63: 169.5 | Z63: 179.2 | AA63: 165 | AB63: 173.8 | AC63: 158.2 | AD63: 165.8 | AE63: 170.9 | AF63: 171.1 | AG63: 166.1 | AH63: 174.1 | AI63: 4362.4 | AJ63: 673.9 | AK63: 336.7 | AL63: 334.5 | AM63: 2506.1 | AN63: 168.475 | AO63: 167.25 | AP63: 179.00714
A64: Rural+Urban | B64: 2022 | C64: September | D64: Sep-22 | E64: 44805 | F64: Post covid | G64: 95157.742 | H64: 163.5 | I64: 209.2 | J64: 169.7 | K64: 169.7 | L64: 188.7 | M64: 165.7 | N64: 191.8 | O64: 169.1 | P64: 121.6 | Q64: 197.3 | R64: 169.4 | S64: 187.4 | T64: 177.8 | U64: 195.9 | V64: 180.9 | W64: 174.3 | X64: 179.9 | Y64: 169.5 | Z64: 179.5 | AA64: 169.5 | AB64: 177.8 | AC64: 162.3 | AD64: 167.6 | AE64: 173.1 | AF64: 170.9 | AG64: 169.7 | AH64: 175.3 | AI64: 4371.9 | AJ64: 681.3 | AK64: 355.2 | AL64: 339 | AM64: 2476.8 | AN64: 170.325 | AO64: 169.5 | AP64: 176.91429
A65: Rural | B65: 2022 | C65: October | D65: Oct-22 | E65: 44835 | F65: Post covid | H65: 164.7 | I65: 208.8 | J65: 170.3 | K65: 170.9 | L65: 191.6 | M65: 162.2 | N65: 184.8 | O65: 169.7 | P65: 121.1 | Q65: 201.6 | R65: 175.8 | S65: 185.6 | T65: 177.4 | U65: 194.9 | V65: 186.1 | W65: 184.4 | X65: 185.9 | Y65: 139.27097 | Z65: 180.8 | AA65: 174.4 | AB65: 181.2 | AC65: 167.4 | AD65: 170.6 | AE65: 176.5 | AF65: 172 | AG65: 173.9 | AH65: 177.9 | AI65: 4385.971 | AJ65: 693 | AK65: 370.5 | AL65: 313.67097 | AM65: 2479.4 | AN65: 173.25 | AO65: 156.83548 | AP65: 177.1
A66: Urban | B66: 2022 | C66: October | D66: Oct-22 | E66: 44835 | F66: Post covid | H66: 166.4 | I66: 214.9 | J66: 171.9 | K66: 171 | L66: 177.7 | M66: 165.7 | N66: 228.6 | O66: 169.9 | P66: 123.4 | Q66: 196.4 | R66: 161.6 | S66: 191.5 | T66: 183.3 | U66: 200.1 | V66: 175.5 | W66: 162.6 | X66: 173.6 | Y66: 171.2 | Z66: 180 | AA66: 166 | AB66: 174.7 | AC66: 158.8 | AD66: 166.3 | AE66: 171.2 | AF66: 172.3 | AG66: 166.8 | AH66: 175.3 | AI66: 4387.8 | AJ66: 676.6 | AK66: 338.1 | AL66: 337.2 | AM66: 2522.4 | AN66: 169.15 | AO66: 168.6 | AP66: 180.17143
A67: Rural+Urban | B67: 2022 | C67: October | D67: Oct-22 | E67: 44835 | F67: Post covid | G67: 99194.386 | H67: 165.2 | I67: 210.9 | J67: 170.9 | K67: 170.9 | L67: 186.5 | M67: 163.8 | N67: 199.7 | O67: 169.8 | P67: 121.9 | Q67: 199.9 | R67: 169.9 | S67: 188.3 | T67: 179.6 | U67: 196.3 | V67: 181.9 | W67: 175.3 | X67: 181 | Y67: 171.2 | Z67: 180.5 | AA67: 170.4 | AB67: 178.7 | AC67: 162.9 | AD67: 168.2 | AE67: 173.4 | AF67: 172.1 | AG67: 170.5 | AH67: 176.7 | AI67: 4398.7 | AJ67: 684.2 | AK67: 357.2 | AL67: 341.6 | AM67: 2493.6 | AN67: 171.05 | AO67: 170.8 | AP67: 178.11429
A68: Rural | B68: 2022 | C68: November | D68: Nov-22 | E68: 44866 | F68: Post covid | H68: 166.9 | I68: 207.2 | J68: 180.2 | K68: 172.3 | L68: 194 | M68: 159.1 | N68: 171.6 | O68: 170.2 | P68: 121.5 | Q68: 204.8 | R68: 176.4 | S68: 186.9 | T68: 176.6 | U68: 195.5 | V68: 187.2 | W68: 185.2 | X68: 186.9 | Y68: 139.27097 | Z68: 181.9 | AA68: 175.5 | AB68: 182.3 | AC68: 167.5 | AD68: 170.8 | AE68: 176.9 | AF68: 173.4 | AG68: 174.6 | AH68: 177.8 | AI68: 4397.771 | AJ68: 695.7 | AK68: 372.4 | AL68: 314.77097 | AM68: 2483.2 | AN68: 173.925 | AO68: 157.38548 | AP68: 177.37143
A69: Urban | B69: 2022 | C69: November | D69: Nov-22 | E69: 44866 | F69: Post covid | H69: 168.4 | I69: 213.4 | J69: 183.2 | K69: 172.3 | L69: 180 | M69: 162.6 | N69: 205.5 | O69: 171 | P69: 123.4 | Q69: 198.8 | R69: 162.1 | S69: 192.4 | T69: 181.3 | U69: 200.6 | V69: 176.7 | W69: 163.5 | X69: 174.7 | Y69: 171.8 | Z69: 180.3 | AA69: 166.9 | AB69: 175.8 | AC69: 158.9 | AD69: 166.7 | AE69: 171.5 | AF69: 173.8 | AG69: 167.4 | AH69: 174.1 | AI69: 4388.3 | AJ69: 679.4 | AK69: 340.2 | AL69: 338.7 | AM69: 2515 | AN69: 169.85 | AO69: 169.35 | AP69: 179.64286
A70: Rural+Urban | B70: 2022 | C70: November | D70: Nov-22 | E70: 44866 | F70: Post covid | G70: 100258.76 | H70: 167.4 | I70: 209.4 | J70: 181.4 | K70: 172.3 | L70: 188.9 | M70: 160.7 | N70: 183.1 | O70: 170.5 | P70: 122.1 | Q70: 202.8 | R70: 170.4 | S70: 189.5 | T70: 178.3 | U70: 196.9 | V70: 183.1 | W70: 176.2 | X70: 182.1 | Y70: 171.8 | Z70: 181.3 | AA70: 171.4 | AB70: 179.8 | AC70: 163 | AD70: 168.5 | AE70: 173.7 | AF70: 173.6 | AG70: 171.1 | AH70: 176.5 | AI70: 4407.2 | AJ70: 686.9 | AK70: 359.3 | AL70: 343.2 | AM70: 2493.7 | AN70: 171.725 | AO70: 171.6 | AP70: 178.12143
A71: Rural | B71: 2022 | C71: December | D71: Dec-22 | E71: 44896 | F71: Post covid | H71: 168.8 | I71: 206.9 | J71: 189.1 | K71: 173.4 | L71: 193.9 | M71: 156.7 | N71: 150.2 | O71: 170.5 | P71: 121.2 | Q71: 207.5 | R71: 176.8 | S71: 187.7 | T71: 174.4 | U71: 195.9 | V71: 188.1 | W71: 185.9 | X71: 187.8 | Y71: 139.27097 | Z71: 182.8 | AA71: 176.4 | AB71: 183.5 | AC71: 167.8 | AD71: 171.2 | AE71: 177.3 | AF71: 175.7 | AG71: 175.5 | AH71: 177.1 | AI71: 4396.471 | AJ71: 699.7 | AK71: 374 | AL71: 315.67097 | AM71: 2473 | AN71: 174.925 | AO71: 157.83548 | AP71: 176.64286
A72: Urban | B72: 2022 | C72: December | D72: Dec-22 | E72: 44896 | F72: Post covid | H72: 170.2 | I72: 212.9 | J72: 191.9 | K72: 173.9 | L72: 179.1 | M72: 159.5 | N72: 178.7 | O72: 171.3 | P72: 123.1 | Q72: 200.5 | R72: 162.8 | S72: 193.3 | T72: 178.6 | U72: 201.1 | V72: 177.7 | W72: 164.5 | X72: 175.7 | Y72: 170.7 | Z72: 180.6 | AA72: 167.3 | AB72: 177.2 | AC72: 159.4 | AD72: 167.1 | AE72: 171.8 | AF72: 176 | AG72: 168.2 | AH72: 174.1 | AI72: 4377.4 | AJ72: 683.1 | AK72: 342.2 | AL72: 338 | AM72: 2496.9 | AN72: 170.775 | AO72: 169 | AP72: 178.35
A73: Rural+Urban | B73: 2022 | C73: December | D73: Dec-22 | E73: 44896 | F73: Post covid | G73: 94253.237 | H73: 169.2 | I73: 209 | J73: 190.2 | K73: 173.6 | L73: 188.5 | M73: 158 | N73: 159.9 | O73: 170.8 | P73: 121.8 | Q73: 205.2 | R73: 171 | S73: 190.3 | T73: 175.9 | U73: 197.3 | V73: 184 | W73: 177 | X73: 183 | Y73: 170.7 | Z73: 182 | AA73: 172.1 | AB73: 181.1 | AC73: 163.4 | AD73: 168.9 | AE73: 174.1 | AF73: 175.8 | AG73: 172 | AH73: 175.7 | AI73: 4401.8 | AJ73: 690.8 | AK73: 361 | AL73: 342.8 | AM73: 2480.7 | AN73: 172.7 | AO73: 171.4 | AP73: 177.19286
A74: Rural | B74: 2023 | C74: January | D74: Jan-23 | E74: 44927 | F74: Post covid | H74: 174 | I74: 208.3 | J74: 192.9 | K74: 174.3 | L74: 192.6 | M74: 156.3 | N74: 142.9 | O74: 170.7 | P74: 120.3 | Q74: 210.5 | R74: 176.9 | S74: 188.5 | T74: 175 | U74: 196.9 | V74: 189 | W74: 186.3 | X74: 188.6 | Y74: 139.27097 | Z74: 183.2 | AA74: 177.2 | AB74: 184.7 | AC74: 168.2 | AD74: 171.8 | AE74: 177.8 | AF74: 178.4 | AG74: 176.5 | AH74: 177.8 | AI74: 4412.471 | AJ74: 704.5 | AK74: 375.3 | AL74: 316.47097 | AM74: 2480.1 | AN74: 176.125 | AO74: 158.23548 | AP74: 177.15
A75: Urban | B75: 2023 | C75: January | D75: Jan-23 | E75: 44927 | F75: Post covid | H75: 173.3 | I75: 215.2 | J75: 197 | K75: 175.2 | L75: 178 | M75: 160.5 | N75: 175.3 | O75: 171.2 | P75: 122.7 | Q75: 204.3 | R75: 163.7 | S75: 194.3 | T75: 179.5 | U75: 201.6 | V75: 178.7 | W75: 165.3 | X75: 176.6 | Y75: 172.1 | Z75: 180.1 | AA75: 168 | AB75: 178.5 | AC75: 159.5 | AD75: 167.8 | AE75: 171.8 | AF75: 178.8 | AG75: 168.9 | AH75: 174.9 | AI75: 4401.3 | AJ75: 687.3 | AK75: 344 | AL75: 340.1 | AM75: 2511.8 | AN75: 171.825 | AO75: 170.05 | AP75: 179.41429
A76: Rural+Urban | B76: 2023 | C76: January | D76: Jan-23 | E76: 44927 | F76: Post covid | G76: 101338 | H76: 173.8 | I76: 210.7 | J76: 194.5 | K76: 174.6 | L76: 187.2 | M76: 158.3 | N76: 153.9 | O76: 170.9 | P76: 121.1 | Q76: 208.4 | R76: 171.4 | S76: 191.2 | T76: 176.7 | U76: 198.2 | V76: 184.9 | W76: 177.6 | X76: 183.8 | Y76: 172.1 | Z76: 182 | AA76: 172.9 | AB76: 182.3 | AC76: 163.6 | AD76: 169.5 | AE76: 174.3 | AF76: 178.6 | AG76: 172.8 | AH76: 176.5 | AI76: 4421.5 | AJ76: 695.2 | AK76: 362.5 | AL76: 345 | AM76: 2490.9 | AN76: 173.8 | AO76: 172.5 | AP76: 177.92143
A77: Rural | B77: 2023 | C77: February | D77: Feb-23 | E77: 44958 | F77: Post covid | H77: 174.2 | I77: 205.2 | J77: 173.9 | K77: 177 | L77: 183.4 | M77: 167.2 | N77: 140.9 | O77: 170.4 | P77: 119.1 | Q77: 212.1 | R77: 177.6 | S77: 189.9 | T77: 174.8 | U77: 198.3 | V77: 190 | W77: 187 | X77: 189.6 | Y77: 139.27097 | Z77: 181.6 | AA77: 178.6 | AB77: 186.6 | AC77: 169 | AD77: 172.8 | AE77: 178.5 | AF77: 180.7 | AG77: 177.9 | AH77: 178 | AI77: 4405.971 | AJ77: 709.9 | AK77: 377 | AL77: 317.87097 | AM77: 2464 | AN77: 177.475 | AO77: 158.93548 | AP77: 176
A78: Urban | B78: 2023 | C78: February | D78: Feb-23 | E78: 44958 | F78: Post covid | H78: 174.7 | I78: 212.2 | J78: 177.2 | K78: 177.9 | L78: 172.2 | M78: 172.1 | N78: 175.8 | O78: 172.2 | P78: 121.9 | Q78: 204.8 | R78: 164.9 | S78: 196.6 | T78: 180.7 | U78: 202.7 | V78: 180.3 | W78: 167 | X78: 178.2 | Y78: 173.5 | Z78: 182.8 | AA78: 169.2 | AB78: 180.8 | AC78: 159.8 | AD78: 168.4 | AE78: 172.5 | AF78: 181.4 | AG78: 170 | AH78: 176.3 | AI78: 4411.6 | AJ78: 692.3 | AK78: 347.3 | AL78: 342.7 | AM78: 2505.9 | AN78: 173.075 | AO78: 171.35 | AP78: 178.99286
A79: Rural+Urban | B79: 2023 | C79: February | D79: Feb-23 | E79: 44958 | F79: Post covid | G79: 85514 | H79: 174.4 | I79: 207.7 | J79: 175.2 | K79: 177.3 | L79: 179.3 | M79: 169.5 | N79: 152.7 | O79: 171 | P79: 120 | Q79: 209.7 | R79: 172.3 | S79: 193 | T79: 177 | U79: 199.5 | V79: 186.2 | W79: 178.7 | X79: 185.1 | Y79: 173.5 | Z79: 182.1 | AA79: 174.2 | AB79: 184.4 | AC79: 164.2 | AD79: 170.3 | AE79: 175 | AF79: 181 | AG79: 174.1 | AH79: 177.2 | AI79: 4422.3 | AJ79: 700.4 | AK79: 364.9 | AL79: 347.7 | AM79: 2478.6 | AN79: 175.1 | AO79: 173.85 | AP79: 177.04286
A80: Rural | B80: 2023 | C80: March | D80: Mar-23 | E80: 44986 | F80: Post covid | H80: 174.3 | I80: 205.2 | J80: 173.9 | K80: 177 | L80: 183.3 | M80: 167.2 | N80: 140.9 | O80: 170.5 | P80: 119.1 | Q80: 212.1 | R80: 177.6 | S80: 189.9 | T80: 174.8 | U80: 198.4 | V80: 190 | W80: 187 | X80: 189.6 | Y80: 139.27097 | Z80: 181.4 | AA80: 178.6 | AB80: 186.6 | AC80: 169 | AD80: 172.8 | AE80: 178.5 | AF80: 180.7 | AG80: 177.9 | AH80: 178 | AI80: 4405.971 | AJ80: 709.9 | AK80: 377 | AL80: 317.87097 | AM80: 2464.2 | AN80: 177.475 | AO80: 158.93548 | AP80: 176.01429
A81: Urban | B81: 2023 | C81: March | D81: Mar-23 | E81: 44986 | F81: Post covid | H81: 174.7 | I81: 212.2 | J81: 177.2 | K81: 177.9 | L81: 172.2 | M81: 172.1 | N81: 175.9 | O81: 172.2 | P81: 121.9 | Q81: 204.8 | R81: 164.9 | S81: 196.6 | T81: 180.8 | U81: 202.7 | V81: 180.2 | W81: 167 | X81: 178.2 | Y81: 173.5 | Z81: 182.6 | AA81: 169.2 | AB81: 180.8 | AC81: 159.8 | AD81: 168.4 | AE81: 172.5 | AF81: 181.5 | AG81: 170 | AH81: 176.3 | AI81: 4411.6 | AJ81: 692.4 | AK81: 347.2 | AL81: 342.7 | AM81: 2506.1 | AN81: 173.1 | AO81: 171.35 | AP81: 179.00714
A82: Rural+Urban | B82: 2023 | C82: March | D82: Mar-23 | E82: 44986 | F82: Post covid | G82: 101032 | H82: 174.4 | I82: 207.7 | J82: 175.2 | K82: 177.3 | L82: 179.2 | M82: 169.5 | N82: 152.8 | O82: 171.1 | P82: 120 | Q82: 209.7 | R82: 172.3 | S82: 193 | T82: 177 | U82: 199.5 | V82: 186.1 | W82: 178.7 | X82: 185.1 | Y82: 173.5 | Z82: 181.9 | AA82: 174.2 | AB82: 184.4 | AC82: 164.2 | AD82: 170.3 | AE82: 175 | AF82: 181 | AG82: 174.1 | AH82: 177.2 | AI82: 4422.1 | AJ82: 700.4 | AK82: 364.8 | AL82: 347.7 | AM82: 2478.7 | AN82: 175.1 | AO82: 173.85 | AP82: 177.05
A83: Rural | B83: 2023 | C83: April | D83: Apr-23 | E83: 45017 | F83: Post covid | H83: 173.3 | I83: 206.9 | J83: 167.9 | K83: 178.2 | L83: 178.5 | M83: 173.7 | N83: 142.8 | O83: 172.8 | P83: 120.4 | Q83: 215.5 | R83: 178.2 | S83: 190.5 | T83: 175.5 | U83: 199.5 | V83: 190.7 | W83: 187.3 | X83: 190.2 | Y83: 139.27097 | Z83: 181.5 | AA83: 179.1 | AB83: 187.2 | AC83: 169.4 | AD83: 173.2 | AE83: 179.4 | AF83: 183.8 | AG83: 178.9 | AH83: 178.8 | AI83: 4423.471 | AJ83: 715.3 | AK83: 378 | AL83: 318.37097 | AM83: 2473.7 | AN83: 178.825 | AO83: 159.18548 | AP83: 176.69286
A84: Urban | B84: 2023 | C84: April | D84: Apr-23 | E84: 45017 | F84: Post covid | H84: 174.8 | I84: 213.7 | J84: 172.4 | K84: 178.8 | L84: 168.7 | M84: 179.2 | N84: 179.9 | O84: 174.7 | P84: 123.1 | Q84: 207.8 | R84: 165.5 | S84: 197 | T84: 182.1 | U84: 203.5 | V84: 181 | W84: 167.7 | X84: 178.9 | Y84: 175.2 | Z84: 182.1 | AA84: 169.6 | AB84: 181.5 | AC84: 160.1 | AD84: 168.8 | AE84: 174.2 | AF84: 184.4 | AG84: 170.9 | AH84: 177.4 | AI84: 4436.7 | AJ84: 698.3 | AK84: 348.7 | AL84: 344.8 | AM84: 2521.2 | AN84: 174.575 | AO84: 172.4 | AP84: 180.08571
A85: Rural+Urban | B85: 2023 | C85: April | D85: Apr-23 | E85: 45017 | F85: Post covid | G85: 89036 | H85: 173.8 | I85: 209.3 | J85: 169.6 | K85: 178.4 | L85: 174.9 | M85: 176.3 | N85: 155.4 | O85: 173.4 | P85: 121.3 | Q85: 212.9 | R85: 172.9 | S85: 193.5 | T85: 177.9 | U85: 200.6 | V85: 186.9 | W85: 179.2 | X85: 185.7 | Y85: 175.2 | Z85: 181.7 | AA85: 174.6 | AB85: 185 | AC85: 164.5 | AD85: 170.7 | AE85: 176.4 | AF85: 184 | AG85: 175 | AH85: 178.1 | AI85: 4443.4 | AJ85: 706.1 | AK85: 366.1 | AL85: 349.8 | AM85: 2490.2 | AN85: 176.525 | AO85: 174.9 | AP85: 177.87143
A86: Rural | B86: 2023 | C86: May | D86: May-23 | E86: 45047 | F86: Post covid | H86: 173.2 | I86: 211.5 | J86: 171 | K86: 179.6 | L86: 173.3 | M86: 169 | N86: 148.7 | O86: 174.9 | P86: 121.9 | Q86: 221 | R86: 178.7 | S86: 191.1 | T86: 176.8 | U86: 199.9 | V86: 191.2 | W86: 187.9 | X86: 190.8 | Y86: 139.27097 | Z86: 182.5 | AA86: 179.8 | AB86: 187.8 | AC86: 169.7 | AD86: 173.8 | AE86: 180.3 | AF86: 184.9 | AG86: 179.5 | AH86: 179.8 | AI86: 4447.271 | AJ86: 718.5 | AK86: 379.1 | AL86: 319.07097 | AM86: 2490.6 | AN86: 179.625 | AO86: 159.53548 | AP86: 177.9
A87: Urban | B87: 2023 | C87: May | D87: May-23 | E87: 45047 | F87: Post covid | H87: 174.7 | I87: 219.4 | J87: 176.7 | K87: 179.4 | L87: 164.4 | M87: 175.8 | N87: 185 | O87: 176.9 | P87: 124.2 | Q87: 211.9 | R87: 165.9 | S87: 197.7 | T87: 183.1 | U87: 204.2 | V87: 181.3 | W87: 168.1 | X87: 179.3 | Y87: 175.6 | Z87: 183.4 | AA87: 170.1 | AB87: 182.2 | AC87: 160.4 | AD87: 169.2 | AE87: 174.8 | AF87: 185.6 | AG87: 171.6 | AH87: 178.2 | AI87: 4461.6 | AJ87: 701.2 | AK87: 349.4 | AL87: 345.7 | AM87: 2539.3 | AN87: 175.3 | AO87: 172.85 | AP87: 181.37857
A88: Rural+Urban | B88: 2023 | C88: May | D88: May-23 | E88: 45047 | F88: Post covid | G88: 87955 | H88: 173.7 | I88: 214.3 | J88: 173.2 | K88: 179.5 | L88: 170 | M88: 172.2 | N88: 161 | O88: 175.6 | P88: 122.7 | Q88: 218 | R88: 173.4 | S88: 194.2 | T88: 179.1 | U88: 201 | V88: 187.3 | W88: 179.7 | X88: 186.2 | Y88: 175.6 | Z88: 182.8 | AA88: 175.2 | AB88: 185.7 | AC88: 164.8 | AD88: 171.2 | AE88: 177.1 | AF88: 185.2 | AG88: 175.7 | AH88: 179.1 | AI88: 4468.2 | AJ88: 709.2 | AK88: 367 | AL88: 350.8 | AM88: 2507.9 | AN88: 177.3 | AO88: 175.4 | AP88: 179.13571
G90: correl values | H90: =CORREL($G$4:$G$88,H4:H88) -> 0.34629905 | I90: =CORREL($G$4:$G$88,I4:I88) -> 0.44366299 | J90: =CORREL($G$4:$G$88,J4:J88) -> -0.17764307 | K90: =CORREL($G$4:$G$88,K4:K88) -> 0.3944381 | L90: =CORREL($G$4:$G$88,L4:L88) -> 0.34788423 | M90: =CORREL($G$4:$G$88,M4:M88) -> 0.3537119 | N90: =CORREL($G$4:$G$88,N4:N88) -> 0.25696274 | O90: =CORREL($G$4:$G$88,O4:O88) -> 0.086277005 | ... AG90: =CORREL($G$4:$G$88,AG4:AG88) -> 0.45351391
D98: Cereals and products | E98: =CORREL($G$4:$G$88,H4:H88) -> 0.34629905 | F98: =E98*100 -> 34.629905
D99: Meat and fish | E99: =CORREL($G$4:$G$88,I4:I88) -> 0.44366299
D100: Egg | E100: =CORREL($G$4:$G$88,J4:J88) -> -0.17764307
D101: Milk and products | E101: =CORREL($G$4:$G$88,K4:K88) -> 0.3944381
D102: Oils and fats | E102: =CORREL($G$4:$G$88,L4:L88) -> 0.34788423
D103: Fruits | E103: =CORREL($G$4:$G$88,M4:M88) -> 0.3537119
D104: Vegetables | E104: =CORREL($G$4:$G$88,N4:N88) -> 0.25696274
D105: Pulses and products | E105: =CORREL($G$4:$G$88,O4:O88) -> 0.086277005
D106: Sugar and Confectionery | E106: =CORREL($G$4:$G$88,P4:P88) -> 0.28584207
D107: Spices | E107: =CORREL($G$4:$G$88,Q4:Q88) -> 0.40416178
D108: Non-alcoholic beverages | E108: =CORREL($G$4:$G$88,R4:R88) -> 0.40638065
...
